neighborhood,property_type,bedrooms,bathrooms,size_sqft,age_years,distance_to_cbd_km,has_parking,has_garden,has_pool,gated_community,security_score,price_kes
Kilimani,Maisonette,2,1,746,22,18.6,0,1,0,1,5,10922000.0
Ruaka,Townhouse,3,3,1096,24,19.1,0,0,0,0,3,6862000.0
South B,Apartment,3,3,886,6,15.5,0,0,0,1,2,8232000.0
Runda,Bungalow,3,3,1480,28,3.5,1,0,1,1,2,38485000.0
Kitisuru,Apartment,6,5,2029,7,6.9,1,0,0,1,5,45142000.0
Ruaka,Townhouse,6,5,1811,12,16.6,0,0,0,1,1,14436000.0
South B,Apartment,1,1,646,26,17.0,0,0,0,1,1,4648000.0
Ngong Road,Apartment,2,1,805,7,13.8,1,0,0,1,3,7936000.0
Karen,Bungalow,2,2,1112,18,0.9,0,1,0,1,5,26085000.0
Upperhill,Apartment,5,5,1222,18,10.4,1,0,1,0,3,23254000.0
Thika Road,Apartment,2,1,923,24,12.2,1,0,0,1,3,5184000.0
Kasarani,Apartment,2,2,767,23,16.7,1,0,0,1,2,4596000.0
Muthaiga,Apartment,2,2,826,21,17.9,0,0,0,1,2,13414000.0
Westlands,Apartment,3,2,1309,26,11.1,1,0,1,1,1,20943000.0
Loresho,Apartment,2,2,1029,18,13.2,1,0,0,1,4,13568000.0
Karen,Apartment,3,2,1147,10,1.9,1,0,1,0,4,28934000.0
Embakasi,Maisonette,3,3,1132,11,19.0,1,1,0,0,1,7503000.0
Muthaiga,Maisonette,3,2,1035,19,6.7,0,0,0,0,2,23059000.0
Runda,Bungalow,3,3,1270,20,9.3,0,0,0,1,1,29714000.0
Kikuyu,Apartment,2,1,1195,12,27.6,1,0,0,1,1,5744000.0
Buruburu,Townhouse,4,4,2084,16,16.5,0,0,0,1,5,16844000.0
Buruburu,Apartment,5,5,1493,20,18.3,0,0,0,0,1,9810000.0
Muthaiga,Apartment,3,2,1172,23,14.4,1,0,0,1,3,23162000.0
Kileleshwa,Bungalow,4,4,1511,28,5.0,1,1,0,0,1,18625000.0
Kitisuru,Maisonette,3,2,1231,22,6.9,0,1,0,1,3,31029000.0
Kahawa,Maisonette,4,4,1058,9,22.6,0,1,0,1,4,6053000.0
South B,Townhouse,1,1,856,22,22.9,0,0,0,0,2,5289000.0
Donholm,Apartment,3,2,1101,25,20.2,1,0,0,0,1,6853000.0
Nyayo Estate,Apartment,3,2,868,15,18.2,1,0,0,1,5,7285000.0
South B,Townhouse,2,2,1162,28,12.4,0,0,0,1,4,11336000.0
Karen,Apartment,3,3,1071,23,9.5,1,0,0,0,2,21608000.0
Ruiru,Maisonette,3,3,1121,0,35.7,1,0,0,1,2,4490000.0
Upperhill,Apartment,1,1,526,7,8.9,1,0,0,0,3,8096000.0
Ruaka,Apartment,5,5,1491,24,11.9,0,0,0,1,3,13011000.0
Donholm,Bungalow,2,2,1316,4,18.8,1,1,0,1,3,11257000.0
Kikuyu,Apartment,1,1,569,28,24.7,1,0,0,1,5,2689000.0
Lavington,Apartment,2,1,914,24,10.2,0,0,1,1,2,18182000.0
Upperhill,Bungalow,6,5,2482,25,3.8,0,1,0,1,2,41737000.0
Runda,Apartment,1,1,444,19,0.5,1,0,1,1,4,11578000.0
Kahawa,Apartment,4,4,1281,18,24.9,0,0,0,1,2,5314000.0
Roysambu,Apartment,2,1,883,29,26.4,1,0,0,1,1,4571000.0
Westlands,Maisonette,6,6,2169,14,7.8,1,0,0,1,2,42879000.0
Nyayo Estate,Townhouse,3,3,1404,15,22.7,1,0,0,1,2,14358000.0
Kileleshwa,Apartment,3,3,941,27,4.5,1,0,0,1,1,13777000.0
Loresho,Apartment,4,3,1470,1,16.2,0,0,0,1,3,24469000.0
Nyayo Estate,Apartment,3,3,996,21,14.9,0,0,0,0,1,8644000.0
Ruaka,Apartment,4,3,1624,4,16.6,1,0,0,1,5,13942000.0
Kasarani,Apartment,2,1,802,7,13.8,0,0,0,1,2,5158000.0
Kikuyu,Maisonette,3,2,1558,29,31.9,1,1,0,1,5,8288000.0
Kasarani,Maisonette,3,2,1347,17,12.8,1,1,0,0,1,8312000.0
Rongai,Maisonette,2,2,1042,9,24.7,1,1,0,0,5,6070000.0
South C,Apartment,3,3,1136,14,7.5,1,0,0,1,3,12187000.0
Ruiru,Townhouse,2,2,799,20,22.2,1,0,0,1,4,3606000.0
Langata,Apartment,2,2,672,14,8.0,1,0,0,1,5,8152000.0
Donholm,Apartment,4,3,1218,23,14.8,1,0,0,1,2,8740000.0
Nyayo Estate,Maisonette,4,4,1252,17,21.3,1,0,0,1,2,8850000.0
Kilimani,Apartment,2,2,1026,2,12.3,1,0,0,1,2,20649000.0
South B,Apartment,2,2,990,25,6.6,1,0,0,0,1,8538000.0
Karen,Apartment,2,2,965,29,5.6,1,0,0,1,3,16216000.0
Kitisuru,Villa,5,5,2412,10,7.2,1,0,0,1,3,58550000.0
Kileleshwa,Apartment,4,4,1450,11,4.3,0,0,0,1,5,26512000.0
South C,Apartment,1,1,568,9,23.0,1,0,0,1,4,6277000.0
Karen,Apartment,1,1,770,2,2.7,1,0,1,1,4,22968000.0
Upperhill,Villa,2,2,1113,7,10.8,1,1,1,0,3,21516000.0
Ruiru,Townhouse,5,5,2199,7,29.1,1,0,0,1,3,11641000.0
Nyayo Estate,Townhouse,2,2,1211,1,18.1,1,0,0,0,3,11360000.0
Kilimani,Bungalow,3,3,1485,29,13.2,1,1,0,0,5,21591000.0
Kitisuru,Townhouse,4,3,1556,0,6.4,1,0,0,1,5,36900000.0
Kileleshwa,Apartment,2,1,926,18,15.1,1,0,0,1,3,12340000.0
Spring Valley,Apartment,2,2,756,25,8.0,1,0,0,1,4,16062000.0
South B,Townhouse,3,2,1049,27,16.0,1,0,0,0,3,8469000.0
Kikuyu,Maisonette,2,2,924,25,35.8,1,0,0,0,4,4067000.0
Athi River,Apartment,2,2,920,1,27.6,1,0,0,1,3,3736000.0
South B,Maisonette,2,2,874,19,17.7,1,1,0,1,4,8077000.0
Umoja,Townhouse,2,1,873,27,15.9,1,0,0,0,1,3894000.0
Kasarani,Apartment,5,5,1194,28,14.3,1,0,0,1,1,7205000.0
Langata,Bungalow,3,3,1362,18,0.5,0,0,0,1,3,13927000.0
Langata,Apartment,4,3,1169,17,10.3,1,0,0,0,3,13419000.0
Kahawa,Townhouse,2,2,930,7,29.9,0,0,0,0,3,3975000.0
Ngong Road,Maisonette,1,1,530,22,13.2,1,1,0,1,3,6111000.0
Spring Valley,Maisonette,2,2,845,29,12.2,1,1,0,1,4,15718000.0
Donholm,Apartment,3,2,1066,1,10.9,0,0,0,1,4,8938000.0
Thika Road,Apartment,2,2,843,5,13.9,0,0,0,1,2,5517000.0
Kikuyu,Apartment,5,4,1649,7,26.6,1,0,0,1,1,7708000.0
Thika Road,Apartment,4,4,1397,0,18.2,0,0,0,1,2,10518000.0
Ruiru,Apartment,3,3,1051,14,16.2,1,0,0,0,4,5101000.0
Upperhill,Maisonette,5,5,1624,8,19.4,0,1,0,1,2,25402000.0
Umoja,Maisonette,3,3,1176,1,19.9,1,1,0,1,1,7001000.0
Ngong Road,Apartment,1,1,626,16,18.0,1,0,0,1,1,6417000.0
Ruiru,Villa,5,5,2428,9,18.7,1,0,0,1,3,15617000.0
Embakasi,Apartment,3,2,1289,6,6.4,0,0,0,1,3,8201000.0
Muthaiga,Bungalow,2,1,1605,11,12.2,1,1,0,1,5,41497000.0
Spring Valley,Maisonette,3,3,1112,2,1.2,0,0,0,0,5,27056000.0
South B,Villa,4,4,1658,6,22.3,0,1,0,0,2,15007000.0
Kitisuru,Bungalow,3,3,1433,3,1.6,1,1,1,0,3,38312000.0
Kileleshwa,Villa,3,2,1500,12,6.3,1,1,0,1,1,24160000.0
Loresho,Villa,6,6,3078,29,6.0,1,1,0,1,5,49063000.0
Loresho,Maisonette,4,4,1136,23,5.8,1,1,0,1,1,16192000.0
Nyayo Estate,Townhouse,3,3,878,7,7.3,1,0,0,0,2,8048000.0
Donholm,Apartment,5,5,1628,18,15.2,1,0,0,1,5,13352000.0
Karen,Maisonette,4,3,1651,24,8.3,1,0,0,0,5,34130000.0
Dagoretti,Maisonette,1,1,551,12,14.7,1,1,0,1,1,4415000.0
Kileleshwa,Apartment,3,3,1022,29,9.4,0,0,0,1,2,15354000.0
Dagoretti,Bungalow,4,4,1440,3,14.9,1,0,0,1,1,11841000.0
Kikuyu,Townhouse,1,1,577,28,25.0,1,0,0,0,1,2372000.0
Kasarani,Apartment,1,1,394,1,15.3,1,0,0,1,4,2497000.0
Runda,Maisonette,2,2,658,25,2.5,1,0,0,0,1,14704000.0
South B,Apartment,6,6,2299,16,21.8,0,0,0,1,4,16893000.0
Ruaka,Maisonette,6,6,2529,19,22.5,1,0,0,1,5,23039000.0
Upperhill,Villa,2,2,1026,29,5.6,1,0,0,1,1,12187000.0
Kileleshwa,Bungalow,4,4,1882,14,3.8,1,1,0,1,2,32362000.0
Loresho,Apartment,1,1,501,21,12.0,1,0,0,0,4,6107000.0
Donholm,Villa,2,1,1428,8,24.6,1,1,0,1,4,11298000.0
Kilimani,Townhouse,3,3,1094,21,18.3,1,0,0,0,4,15108000.0
Ngong Road,Townhouse,3,2,1127,12,1.4,0,0,0,1,3,11857000.0
Rongai,Villa,3,3,1755,2,19.4,1,1,0,0,5,9969000.0
Thika Road,Bungalow,3,3,1139,20,28.8,1,1,0,1,4,6283000.0
Kasarani,Apartment,2,2,749,17,28.3,0,0,0,1,2,3996000.0
South B,Apartment,3,3,1054,21,10.0,1,0,0,1,1,8875000.0
Donholm,Apartment,6,6,1903,4,17.7,1,0,0,1,3,14993000.0
Spring Valley,Apartment,2,2,941,0,4.7,1,0,0,1,1,18149000.0
Athi River,Townhouse,2,2,862,16,29.2,1,0,0,1,4,3777000.0
Ruiru,Apartment,2,2,908,28,25.3,1,0,0,0,5,3762000.0
Donholm,Townhouse,3,3,1270,17,18.3,1,0,0,1,3,9179000.0
Umoja,Apartment,3,3,1081,7,22.0,1,0,0,0,5,6884000.0
Kikuyu,Apartment,3,2,1045,10,22.9,1,0,0,1,1,6206000.0
South B,Apartment,4,3,1446,13,14.3,1,0,0,1,2,12417000.0
Westlands,Apartment,4,3,1236,12,9.2,1,0,1,1,4,27830000.0
Westlands,Apartment,5,4,1762,0,5.5,0,0,0,0,1,28005000.0
Ruaka,Apartment,3,3,807,16,13.5,1,0,0,0,2,6347000.0
Runda,Apartment,2,1,512,20,16.8,1,0,0,0,5,10965000.0
Upperhill,Bungalow,4,3,1387,26,14.5,1,1,0,1,4,22276000.0
Upperhill,Apartment,2,2,762,3,5.8,1,0,0,0,4,11318000.0
Kitisuru,Bungalow,3,2,1576,25,5.3,1,0,0,1,1,31099000.0
Spring Valley,Apartment,5,5,1688,14,0.5,1,0,0,1,4,32915000.0
Spring Valley,Apartment,2,1,738,23,0.9,1,0,0,1,4,12758000.0
Kilimani,Townhouse,1,1,840,14,1.7,1,0,1,1,5,18128000.0
Upperhill,Apartment,3,3,1332,29,5.7,1,0,0,1,5,20363000.0
Kilimani,Bungalow,1,1,834,5,13.9,1,0,0,0,1,11058000.0
Karen,Apartment,2,2,1013,16,8.2,0,0,0,0,2,22154000.0
Muthaiga,Apartment,2,2,904,1,15.3,1,0,0,1,2,20133000.0
Embakasi,Apartment,3,2,1172,11,26.6,1,0,0,1,5,6559000.0
Ngong Road,Apartment,2,1,828,24,15.4,1,0,0,0,2,7971000.0
Ruaka,Maisonette,4,3,1544,13,13.5,1,0,0,0,1,11766000.0
Loresho,Apartment,4,4,1412,14,6.2,1,0,0,1,2,17266000.0
Westlands,Maisonette,3,2,1195,29,4.0,1,1,0,0,3,19799000.0
Runda,Apartment,5,5,1604,28,8.9,1,0,1,1,5,43727000.0
Westlands,Apartment,2,2,805,1,0.5,0,0,1,0,4,16639000.0
South C,Villa,4,4,1851,22,11.9,0,0,0,1,2,16897000.0
Umoja,Apartment,3,2,833,18,17.9,0,0,0,1,1,4680000.0
Kitisuru,Townhouse,2,2,829,3,3.5,1,0,0,0,4,22073000.0
Muthaiga,Apartment,3,2,901,4,7.6,1,0,0,1,5,23646000.0
Spring Valley,Bungalow,2,1,1297,12,4.7,1,1,1,1,3,29862000.0
Ruaka,Maisonette,1,1,506,3,13.1,1,1,0,1,5,5163000.0
Westlands,Apartment,5,5,1644,8,3.8,1,0,0,0,2,29652000.0
Kileleshwa,Apartment,3,2,1096,26,0.8,1,0,0,1,5,17051000.0
Kasarani,Apartment,6,6,2044,18,27.6,0,0,0,0,5,8753000.0
Langata,Villa,6,5,2608,18,9.3,0,1,0,1,2,28811000.0
Westlands,Apartment,3,2,961,8,11.0,1,0,0,0,4,17496000.0
Thika Road,Apartment,5,5,1864,3,26.0,1,0,0,1,4,15233000.0
Runda,Apartment,2,1,746,26,0.5,1,0,0,0,4,16214000.0
Kasarani,Maisonette,3,3,1131,29,20.6,1,1,0,1,4,6383000.0
Upperhill,Apartment,4,4,1666,1,9.4,0,0,0,1,3,29010000.0
Kikuyu,Apartment,3,3,920,21,32.1,1,0,0,1,5,4730000.0
Nyayo Estate,Apartment,3,2,1158,3,15.3,0,0,0,1,2,9801000.0
Ruaka,Bungalow,3,3,1728,8,18.4,1,1,0,1,4,13116000.0
Donholm,Apartment,4,3,1547,22,21.6,1,0,0,1,2,9343000.0
Roysambu,Maisonette,2,2,624,5,27.2,0,1,0,1,1,3738000.0
South C,Apartment,3,3,980,15,14.0,1,0,0,1,2,10674000.0
Buruburu,Maisonette,3,3,1469,21,22.0,1,0,0,1,3,10997000.0
Embakasi,Apartment,2,1,741,16,13.4,1,0,0,1,3,4270000.0
Karen,Apartment,3,2,1241,26,10.0,1,0,0,1,2,27160000.0
Umoja,Apartment,4,4,1656,26,25.1,1,0,0,1,2,8205000.0
Lavington,Maisonette,2,1,982,9,7.6,1,0,1,1,1,21093000.0
Kitisuru,Bungalow,2,1,1205,23,3.1,1,0,0,0,4,22586000.0
Langata,Apartment,2,1,702,9,9.1,0,0,0,1,3,8351000.0
Roysambu,Townhouse,3,3,1381,5,15.1,1,0,0,0,3,9492000.0
Kilimani,Apartment,4,3,1425,13,11.9,0,0,0,1,1,19969000.0
Ruaka,Townhouse,2,2,852,9,12.3,0,0,0,1,1,6468000.0
Runda,Apartment,3,2,1081,16,1.2,1,0,0,0,2,25589000.0
Kikuyu,Maisonette,3,3,1506,21,17.9,1,1,0,0,3,7295000.0
Donholm,Apartment,2,2,812,3,18.3,1,0,0,1,4,7038000.0
Buruburu,Apartment,5,5,1662,1,24.6,0,0,0,1,4,13064000.0
Westlands,Apartment,3,3,1584,10,8.1,1,0,1,1,5,29458000.0
Kileleshwa,Maisonette,3,2,972,19,8.9,1,0,0,1,5,15121000.0
Kileleshwa,Apartment,3,3,1149,7,9.8,0,0,0,1,3,19714000.0
Loresho,Maisonette,3,2,1237,20,8.6,1,0,0,1,2,15756000.0
Ruiru,Bungalow,1,1,757,19,21.0,1,1,0,1,3,3825000.0
Buruburu,Apartment,3,2,730,1,13.6,1,0,0,1,2,5731000.0
Thika Road,Apartment,2,2,782,8,14.8,1,0,0,1,1,5528000.0
Lavington,Maisonette,4,4,1400,23,3.4,0,0,1,0,3,27561000.0
Westlands,Apartment,1,1,732,20,10.1,1,0,1,1,5,14008000.0
Nyayo Estate,Apartment,5,4,1347,23,14.4,1,0,0,0,5,9851000.0
Dagoretti,Maisonette,3,3,1341,7,17.4,1,1,0,0,3,11178000.0
Muthaiga,Bungalow,4,4,2082,27,2.9,1,1,0,0,4,47390000.0
Karen,Apartment,2,2,776,2,9.5,1,0,0,1,2,17326000.0
Loresho,Apartment,2,1,888,29,20.1,1,0,0,0,3,11018000.0
Ruaka,Apartment,1,1,509,2,23.6,1,0,0,0,3,4032000.0
Donholm,Apartment,5,5,1453,21,18.9,1,0,0,1,1,8940000.0
Kikuyu,Townhouse,3,3,1106,28,30.1,0,0,0,0,4,5121000.0
South C,Villa,2,2,1198,7,12.9,1,0,0,0,1,11251000.0
Ruiru,Apartment,2,1,761,28,36.5,1,0,0,1,4,2898000.0
Rongai,Townhouse,3,2,1103,6,25.3,1,0,0,1,2,6453000.0
Loresho,Maisonette,2,1,885,20,9.3,1,1,0,1,3,10725000.0
Upperhill,Apartment,2,2,597,7,0.5,1,0,0,1,1,10128000.0
South C,Maisonette,1,1,644,17,11.7,1,0,0,0,4,5510000.0
Kileleshwa,Bungalow,1,1,848,28,7.5,1,0,0,1,2,10773000.0
Loresho,Townhouse,4,3,1472,26,9.9,1,0,0,1,2,22684000.0
Donholm,Bungalow,3,3,1446,4,13.8,0,1,0,0,1,10192000.0
Upperhill,Apartment,3,3,967,20,9.2,1,0,0,1,4,17343000.0
Nyayo Estate,Bungalow,1,1,778,23,11.9,1,0,0,1,4,6885000.0
Spring Valley,Townhouse,3,3,1267,26,0.5,1,0,0,1,4,21935000.0
Rongai,Villa,3,2,1477,23,15.7,1,1,0,0,2,7167000.0
Umoja,Apartment,2,2,775,9,21.0,1,0,0,1,4,4714000.0
Loresho,Villa,2,1,875,15,1.4,1,1,0,1,5,16298000.0
Ruiru,Maisonette,2,1,944,12,18.7,1,1,0,0,4,4336000.0
Rongai,Villa,2,1,1245,2,18.2,1,1,0,1,2,8873000.0
Kileleshwa,Apartment,3,3,1025,18,9.6,1,0,0,1,4,14915000.0
Kikuyu,Apartment,4,4,1191,13,27.4,0,0,0,1,3,6211000.0
South B,Bungalow,3,3,1481,3,9.1,1,0,0,1,1,14128000.0
Kasarani,Townhouse,4,3,1733,14,19.7,1,0,0,1,1,8588000.0
Kileleshwa,Apartment,5,5,1803,12,12.8,1,0,0,0,3,29457000.0
Kikuyu,Apartment,3,2,986,2,28.1,1,0,0,1,3,5099000.0
Kilimani,Apartment,2,1,924,14,10.0,1,0,0,1,4,14651000.0
Muthaiga,Townhouse,1,1,615,29,1.8,0,0,0,1,4,15237000.0
South C,Villa,3,3,1637,7,12.4,0,1,0,1,4,15377000.0
Runda,Apartment,4,3,1488,28,4.4,1,0,1,1,5,44335000.0
Donholm,Bungalow,4,4,1706,3,14.4,1,0,0,1,4,14027000.0
Ruaka,Maisonette,3,3,1260,17,12.5,1,0,0,1,2,9723000.0
Donholm,Apartment,1,1,647,25,21.1,1,0,0,1,1,4405000.0
Westlands,Apartment,4,4,1269,18,3.6,1,0,1,1,2,24548000.0
Donholm,Apartment,5,4,1798,16,17.3,1,0,0,1,2,14642000.0
Nyayo Estate,Apartment,4,3,1341,29,14.6,1,0,0,1,3,11010000.0
Lavington,Apartment,3,2,1093,2,0.5,1,0,0,0,1,21356000.0
South C,Apartment,4,3,1446,10,7.3,1,0,0,1,4,16871000.0
Runda,Apartment,5,5,1954,2,10.7,1,0,0,0,4,45767000.0
Ruaka,Apartment,2,2,824,11,10.0,0,0,0,1,5,6492000.0
Kikuyu,Bungalow,5,5,1815,2,27.0,1,0,0,1,4,8499000.0
Thika Road,Apartment,3,3,1186,7,22.3,0,0,0,1,5,8035000.0
Loresho,Apartment,2,2,734,20,15.0,1,0,0,1,4,9634000.0
Embakasi,Townhouse,3,3,1254,10,23.8,1,0,0,1,5,7052000.0
Muthaiga,Bungalow,5,4,1916,12,4.7,0,1,1,1,4,62366000.0
Umoja,Townhouse,3,2,1308,6,17.1,0,0,0,1,2,6935000.0
South C,Maisonette,3,3,1022,27,18.7,1,0,0,1,1,8982000.0
Nyayo Estate,Apartment,3,2,1070,8,17.5,1,0,0,0,2,10163000.0
Kahawa,Villa,6,5,2238,29,24.1,1,1,0,0,5,11352000.0
Kileleshwa,Apartment,1,1,530,5,11.3,0,0,0,1,4,8562000.0
Upperhill,Apartment,5,5,1653,5,8.7,0,0,1,1,2,32034000.0
Donholm,Villa,3,2,1344,7,20.1,1,0,0,0,3,8489000.0
Rongai,Bungalow,4,3,1968,4,15.2,1,1,0,1,3,13680000.0
Kikuyu,Apartment,1,1,499,8,24.8,0,0,0,1,2,2366000.0
Roysambu,Apartment,1,1,679,6,9.4,1,0,0,0,4,5127000.0
Ruaka,Apartment,3,3,1073,10,10.2,1,0,0,0,1,8957000.0
South C,Apartment,3,2,1041,23,15.8,1,0,0,0,4,11011000.0
Kilimani,Maisonette,5,4,2120,9,5.9,1,1,0,0,3,36284000.0
Langata,Apartment,1,1,574,4,7.0,1,0,0,0,4,6651000.0
Runda,Maisonette,2,1,511,20,11.6,1,1,0,0,1,10405000.0
Spring Valley,Apartment,2,2,823,19,10.5,1,0,1,1,2,14215000.0
Dagoretti,Apartment,4,3,1232,26,10.1,1,0,0,1,5,8978000.0
Embakasi,Apartment,3,2,1094,26,20.7,1,0,0,1,1,5068000.0
Donholm,Townhouse,2,1,858,0,18.9,1,0,0,0,1,6343000.0
Ruiru,Maisonette,2,2,1046,28,22.9,1,0,0,0,4,4624000.0
Roysambu,Apartment,2,1,732,0,28.1,1,0,0,1,4,5226000.0
Umoja,Apartment,4,4,1492,13,13.8,1,0,0,1,1,8574000.0
Karen,Villa,1,1,870,12,7.9,1,1,1,0,3,19605000.0
Rongai,Maisonette,3,3,1009,13,27.0,1,1,0,0,4,6479000.0
Karen,Apartment,2,2,973,0,0.5,1,0,1,1,3,26554000.0
Loresho,Bungalow,2,2,1098,14,9.6,1,1,0,0,3,15939000.0
Kikuyu,Townhouse,6,6,2022,9,21.7,0,0,0,1,5,11731000.0
Umoja,Bungalow,3,3,1572,11,22.3,1,1,0,1,2,8794000.0
Westlands,Villa,3,3,1366,11,6.1,1,0,0,1,3,27261000.0
Loresho,Bungalow,3,3,1040,3,19.6,1,1,0,0,4,14510000.0
Runda,Apartment,1,1,620,8,4.5,1,0,1,1,5,20428000.0
Westlands,Villa,2,2,1257,21,11.1,0,1,1,1,3,22445000.0
Loresho,Apartment,6,6,2366,17,11.5,1,0,0,0,1,30070000.0
Dagoretti,Townhouse,3,3,855,15,19.6,1,0,0,1,5,6777000.0
Rongai,Apartment,3,2,1096,18,30.0,1,0,0,1,5,6413000.0
Donholm,Maisonette,5,4,2371,17,16.5,1,0,0,1,2,18577000.0
Kileleshwa,Apartment,3,2,994,24,0.5,1,0,0,1,5,15465000.0
Buruburu,Apartment,4,4,1317,17,20.4,0,0,0,1,1,8956000.0
Spring Valley,Villa,4,3,1780,3,13.5,1,0,0,1,1,29661000.0
Roysambu,Maisonette,4,4,1178,22,18.1,1,1,0,1,1,7783000.0
Donholm,Apartment,3,3,846,21,17.7,1,0,0,1,4,6080000.0
Athi River,Apartment,2,2,894,22,30.1,1,0,0,0,1,2970000.0
Ngong Road,Apartment,4,3,1076,0,11.8,1,0,0,1,2,14246000.0
Runda,Apartment,3,3,1366,22,1.3,1,0,0,1,3,31386000.0
Kahawa,Apartment,4,3,1155,9,33.6,0,0,0,1,3,6151000.0
Kahawa,Apartment,2,1,989,28,20.5,1,0,0,0,5,4098000.0
Thika Road,Maisonette,2,2,869,16,18.5,1,1,0,1,5,6833000.0
Buruburu,Maisonette,4,3,1690,23,18.5,1,1,0,0,1,11620000.0
Kilimani,Apartment,2,1,808,20,13.0,1,0,0,0,2,12263000.0
Kitisuru,Maisonette,3,2,789,17,12.0,1,1,0,0,3,15679000.0
Muthaiga,Apartment,2,2,745,19,0.5,0,0,0,1,3,17894000.0
Loresho,Apartment,4,3,1384,14,9.3,1,0,0,1,5,20713000.0
Dagoretti,Maisonette,3,3,1382,28,23.4,1,1,0,0,5,9451000.0
Muthaiga,Apartment,4,3,1186,20,0.5,1,0,0,0,3,28086000.0
Athi River,Apartment,2,2,821,14,31.8,1,0,0,1,2,3627000.0
Umoja,Villa,3,3,1394,24,21.9,1,0,0,0,4,7135000.0
Ruaka,Bungalow,2,2,1282,14,8.8,1,1,0,1,4,12648000.0
Karen,Apartment,1,1,636,5,10.4,1,0,0,1,1,14170000.0
Rongai,Apartment,3,2,1376,17,17.8,1,0,0,0,5,8134000.0
Spring Valley,Apartment,3,3,1169,15,2.1,0,0,0,1,3,21574000.0
Dagoretti,Apartment,3,3,1285,22,18.9,1,0,0,1,3,9549000.0
Kahawa,Townhouse,3,2,1308,18,33.8,1,0,0,0,3,5116000.0
Ngong Road,Villa,5,5,1705,18,12.2,1,1,0,1,2,20812000.0
Upperhill,Villa,4,4,2278,21,10.7,0,1,0,1,1,35282000.0
Kikuyu,Apartment,2,1,671,11,24.9,0,0,0,1,1,3133000.0
Roysambu,Bungalow,1,1,828,14,20.8,1,1,0,1,5,5939000.0
South C,Townhouse,4,3,1508,11,11.5,1,0,0,0,5,14205000.0
Roysambu,Maisonette,5,4,1711,6,21.0,1,0,0,1,1,11535000.0
Muthaiga,Apartment,2,1,1019,14,12.6,1,0,0,0,5,22415000.0
Umoja,Apartment,2,2,727,17,19.0,0,0,0,0,3,3670000.0
Lavington,Bungalow,6,6,2870,13,3.6,1,0,0,1,4,69063000.0
Kitisuru,Apartment,4,4,1097,5,5.8,1,0,0,1,5,25920000.0
Westlands,Maisonette,2,2,888,9,12.7,1,0,0,1,5,17164000.0
South B,Maisonette,4,4,1020,22,12.2,0,1,0,1,4,10337000.0
South B,Bungalow,3,3,1420,6,14.8,1,1,0,0,5,16355000.0
Buruburu,Apartment,3,3,1083,6,17.1,1,0,0,0,4,8442000.0
Ruaka,Apartment,2,2,752,28,19.2,1,0,0,1,1,5079000.0
Spring Valley,Apartment,1,1,635,28,4.5,1,0,0,0,2,10342000.0
Roysambu,Apartment,2,2,855,19,20.6,1,0,0,0,4,4310000.0
Donholm,Apartment,2,1,747,22,13.0,1,0,0,1,5,4992000.0
Donholm,Maisonette,4,3,1488,29,25.7,1,1,0,1,2,8802000.0
Kileleshwa,Apartment,3,3,893,11,5.1,0,0,0,1,4,14798000.0
Loresho,Maisonette,2,2,698,14,7.3,1,1,0,1,3,10574000.0
Kileleshwa,Apartment,1,1,471,16,9.7,1,0,0,1,2,6247000.0
Westlands,Apartment,4,4,1180,10,11.2,1,0,0,0,3,22302000.0
Westlands,Bungalow,2,1,1428,22,8.3,1,1,0,1,2,28797000.0
Donholm,Bungalow,3,2,1245,7,11.3,1,1,0,0,1,9471000.0
South B,Apartment,2,1,796,23,10.4,1,0,0,0,2,5481000.0
Loresho,Bungalow,4,4,1576,1,17.6,1,0,0,1,4,27611000.0
Karen,Apartment,4,3,1103,20,11.9,0,0,0,1,5,23806000.0
Nyayo Estate,Villa,2,1,1334,25,22.7,1,1,0,0,4,9966000.0
Muthaiga,Townhouse,3,2,1224,17,8.9,0,0,0,1,2,27245000.0
South C,Apartment,2,2,644,26,15.3,1,0,0,1,4,6326000.0
South B,Apartment,2,2,858,28,11.3,1,0,0,0,2,6012000.0
Ruaka,Apartment,2,2,822,21,12.7,1,0,0,1,1,6664000.0
Spring Valley,Maisonette,4,4,1294,12,4.7,0,1,0,1,5,27706000.0
Westlands,Townhouse,2,2,1114,12,9.7,1,0,0,1,5,20810000.0
Athi River,Townhouse,5,5,1868,5,29.5,1,0,0,1,5,8299000.0
Kilimani,Apartment,2,1,841,16,10.3,1,0,0,1,2,13672000.0
Kahawa,Apartment,5,4,1676,2,19.7,1,0,0,1,4,7980000.0
Kileleshwa,Apartment,4,4,1085,12,6.9,1,0,0,0,3,15875000.0
Runda,Maisonette,5,4,1457,9,0.5,0,0,0,1,4,36573000.0
Runda,Maisonette,2,1,1074,13,6.1,0,1,0,1,2,22250000.0
Roysambu,Apartment,5,5,1609,9,18.3,1,0,0,0,3,11166000.0
Kikuyu,Apartment,3,2,1310,8,21.9,1,0,0,1,1,5872000.0
Loresho,Apartment,3,3,971,14,13.1,1,0,0,0,1,12946000.0
Spring Valley,Maisonette,1,1,729,1,15.4,0,0,1,1,1,14677000.0
South B,Apartment,5,5,1490,15,4.1,0,0,0,1,1,15839000.0
South B,Apartment,2,1,937,21,3.8,1,0,0,0,3,9316000.0
Nyayo Estate,Apartment,2,2,869,12,15.8,1,0,0,0,5,8278000.0
Kileleshwa,Villa,1,1,887,29,6.5,1,0,0,1,4,9895000.0
Muthaiga,Apartment,3,3,1011,12,12.2,1,0,0,0,4,23774000.0
Runda,Apartment,3,3,1055,22,3.3,1,0,0,1,4,24227000.0
Kasarani,Townhouse,4,3,1304,19,26.3,1,0,0,0,3,6873000.0
Lavington,Apartment,1,1,562,6,4.5,0,0,0,1,3,12183000.0
Kasarani,Villa,4,4,1899,9,12.2,1,1,0,0,5,11607000.0
Upperhill,Apartment,2,2,887,11,20.0,0,0,1,1,1,15727000.0
Kilimani,Apartment,4,4,1449,25,5.3,1,0,0,0,3,21788000.0
Donholm,Villa,4,4,2026,0,17.4,1,1,0,0,5,14867000.0
Athi River,Maisonette,1,1,688,1,29.1,1,0,0,0,2,2578000.0
Athi River,Apartment,1,1,690,23,16.2,1,0,0,1,1,2868000.0
Kahawa,Apartment,2,2,934,4,16.7,1,0,0,1,4,5514000.0
South C,Apartment,3,2,1089,0,13.8,1,0,0,1,3,12407000.0
Embakasi,Apartment,3,2,941,13,17.2,1,0,0,1,5,6108000.0
Kilimani,Apartment,4,3,1306,4,0.5,0,0,0,1,3,25306000.0
Ruaka,Bungalow,2,2,1082,21,15.6,1,0,0,1,5,9685000.0
Buruburu,Apartment,3,3,943,15,15.7,1,0,0,1,1,6751000.0
Karen,Apartment,3,2,750,28,0.8,1,0,0,0,4,17512000.0
South C,Apartment,4,4,1458,24,18.5,1,0,0,1,5,13115000.0
Kileleshwa,Apartment,6,6,2020,25,3.0,1,0,0,1,3,29999000.0
South B,Apartment,1,1,599,1,12.7,1,0,0,1,4,6607000.0
Karen,Villa,3,3,1143,14,12.8,1,0,0,1,3,23032000.0
Kasarani,Maisonette,1,1,533,21,27.6,1,1,0,1,2,2917000.0
Ngong Road,Maisonette,2,2,891,24,8.6,1,1,0,0,4,9403000.0
Donholm,Apartment,2,1,802,24,22.9,1,0,0,1,5,6053000.0
Westlands,Apartment,3,2,946,16,19.7,1,0,0,0,1,13220000.0
South B,Apartment,2,1,1085,8,19.6,0,0,0,0,3,9359000.0
Upperhill,Townhouse,5,5,1262,27,8.7,1,0,0,1,2,21322000.0
Embakasi,Townhouse,4,4,1971,29,18.0,1,0,0,0,5,11519000.0
Dagoretti,Villa,3,3,922,4,18.4,1,1,0,0,5,8788000.0
Karen,Townhouse,2,1,880,17,4.4,1,0,0,1,3,19521000.0
Ruiru,Townhouse,2,1,724,21,12.8,0,0,0,0,4,2871000.0
Buruburu,Apartment,3,3,1141,4,18.8,1,0,0,1,2,7388000.0
Kilimani,Apartment,2,2,910,27,10.7,1,0,1,1,3,13350000.0
Kileleshwa,Apartment,2,2,949,2,22.1,1,0,0,1,5,16155000.0
Kikuyu,Apartment,3,3,1155,10,17.3,1,0,0,1,1,7362000.0
Donholm,Maisonette,4,3,1714,24,22.3,0,0,0,1,2,9743000.0
Buruburu,Townhouse,3,3,1280,7,21.4,0,0,0,1,3,10989000.0
Thika Road,Townhouse,4,4,1163,24,15.9,0,0,0,1,2,7429000.0
Umoja,Apartment,4,4,1707,14,27.3,1,0,0,0,5,8882000.0
South B,Apartment,3,2,1044,18,13.8,1,0,0,1,4,9096000.0
Buruburu,Maisonette,4,4,1778,25,18.2,1,1,0,1,4,14228000.0
Kikuyu,Apartment,3,2,1153,25,31.2,1,0,0,1,1,4482000.0
Ngong Road,Apartment,3,3,910,10,5.3,1,0,0,0,3,9818000.0
South C,Apartment,1,1,551,15,4.7,1,0,0,0,1,4844000.0
Ruaka,Bungalow,3,3,1827,22,17.9,0,1,0,0,2,13283000.0
Umoja,Apartment,5,5,1511,1,18.4,1,0,0,0,3,8658000.0
Rongai,Apartment,5,5,1901,12,16.1,1,0,0,0,5,11542000.0
Kasarani,Maisonette,3,3,1042,0,15.6,1,0,0,0,2,7290000.0
Ruaka,Apartment,3,3,851,6,19.6,1,0,0,1,4,8038000.0
Kahawa,Maisonette,1,1,731,3,28.0,1,0,0,1,5,4401000.0
Umoja,Maisonette,4,4,1144,12,16.6,1,0,0,0,1,6821000.0
Dagoretti,Apartment,2,2,819,11,21.5,1,0,0,1,1,5765000.0
Rongai,Villa,3,2,1729,20,20.5,1,1,0,1,2,9938000.0
Roysambu,Apartment,2,1,884,9,26.9,1,0,0,1,3,6449000.0
Lavington,Apartment,3,3,919,14,9.2,1,0,1,0,3,19430000.0
Westlands,Townhouse,1,1,605,18,9.8,1,0,0,1,2,10543000.0
Kilimani,Maisonette,4,4,1489,23,5.9,1,0,0,0,4,23280000.0
Muthaiga,Apartment,1,1,588,6,2.7,1,0,1,1,3,15519000.0
Kikuyu,Apartment,4,4,1358,7,22.8,0,0,0,1,2,7213000.0
Ruaka,Townhouse,3,3,1149,15,5.3,1,0,0,1,4,10474000.0
Langata,Bungalow,3,3,1636,16,7.6,1,0,0,0,3,17174000.0
Nyayo Estate,Maisonette,2,1,1041,1,15.3,1,0,0,0,4,10253000.0
Dagoretti,Apartment,3,3,1077,17,20.9,1,0,0,1,3,8152000.0
Kikuyu,Apartment,3,2,706,28,33.8,1,0,0,0,2,2621000.0
Donholm,Apartment,1,1,722,6,22.1,1,0,0,1,4,4524000.0
Embakasi,Apartment,3,3,1183,21,34.4,1,0,0,0,3,6030000.0
Karen,Apartment,4,4,1266,28,0.5,1,0,0,0,4,24100000.0
Buruburu,Villa,2,2,1351,12,14.4,1,1,0,1,1,10648000.0
Rongai,Apartment,3,3,1067,25,22.6,1,0,0,0,5,5540000.0
Thika Road,Apartment,1,1,624,19,16.0,1,0,0,0,1,3223000.0
Kikuyu,Townhouse,2,2,932,29,25.0,1,0,0,1,2,4201000.0
Runda,Maisonette,2,1,1034,23,7.7,0,1,0,0,3,22455000.0
Ruaka,Maisonette,2,1,734,7,13.4,1,1,0,0,3,6204000.0
Ngong Road,Villa,3,3,1412,18,19.4,1,0,0,1,4,15942000.0
Roysambu,Townhouse,2,2,1021,18,12.4,0,0,0,0,4,5459000.0
Ruiru,Apartment,1,1,614,28,24.3,1,0,0,1,5,2977000.0
Ngong Road,Townhouse,3,3,927,6,12.9,1,0,0,0,1,10647000.0
Kahawa,Apartment,3,3,1119,3,19.6,1,0,0,0,1,5144000.0
Spring Valley,Townhouse,5,5,1564,14,11.2,0,0,0,1,4,31655000.0
Umoja,Maisonette,2,1,860,4,20.7,1,0,0,0,1,4647000.0
Dagoretti,Maisonette,2,2,881,17,17.4,1,1,0,1,2,7859000.0
Spring Valley,Apartment,5,5,1888,3,3.9,1,0,0,1,3,39711000.0
Ruiru,Apartment,2,1,777,19,34.8,1,0,0,1,5,3354000.0
Muthaiga,Apartment,5,5,1739,2,8.5,1,0,1,1,4,54085000.0
Langata,Bungalow,4,3,2199,29,9.7,0,0,0,1,4,22544000.0
Westlands,Townhouse,2,1,717,6,8.6,1,0,0,1,3,12982000.0
Dagoretti,Apartment,6,6,1977,13,14.1,0,0,0,0,4,13822000.0
Kileleshwa,Apartment,6,6,2090,27,10.6,1,0,0,1,3,36436000.0
Kitisuru,Apartment,2,1,810,13,4.3,1,0,0,1,3,17026000.0
Westlands,Apartment,4,4,1596,14,2.0,1,0,0,1,5,31675000.0
Kileleshwa,Apartment,3,2,776,23,3.9,1,0,0,1,4,13193000.0
Ngong Road,Apartment,1,1,536,18,8.0,1,0,0,0,2,5280000.0
Kikuyu,Maisonette,3,3,993,11,25.6,0,1,0,1,4,6022000.0
Loresho,Apartment,2,2,919,15,11.8,0,0,0,0,4,13661000.0
Umoja,Apartment,3,3,1075,6,20.2,1,0,0,1,5,7274000.0
South B,Apartment,4,4,1350,5,11.1,1,0,0,0,5,16372000.0
Dagoretti,Apartment,3,2,1132,27,12.2,1,0,0,1,2,7876000.0
Thika Road,Apartment,4,4,945,6,12.6,1,0,0,1,2,6751000.0
Roysambu,Apartment,3,3,936,13,24.8,1,0,0,0,4,5085000.0
Donholm,Villa,6,5,3146,3,21.7,1,1,0,0,2,21702000.0
Karen,Apartment,3,3,1225,17,6.8,1,0,0,0,2,27635000.0
Kileleshwa,Townhouse,3,3,1435,1,0.5,0,0,0,1,2,22962000.0
Kileleshwa,Bungalow,4,4,1894,12,12.1,1,0,0,0,2,28894000.0
Rongai,Maisonette,4,3,1268,20,18.5,1,0,0,1,5,7360000.0
Embakasi,Apartment,3,2,1031,12,18.5,1,0,0,1,5,6521000.0
Spring Valley,Apartment,3,2,1209,21,7.5,1,0,0,1,2,19168000.0
Spring Valley,Apartment,3,3,1299,8,10.1,1,0,0,1,3,23869000.0
Spring Valley,Apartment,6,5,2159,2,4.7,1,0,1,1,1,53022000.0
Kitisuru,Apartment,2,2,723,27,4.8,0,0,0,1,3,12279000.0
Rongai,Townhouse,5,5,2192,21,26.4,0,0,0,0,4,10920000.0
Rongai,Apartment,4,4,1323,14,21.1,1,0,0,1,4,8084000.0
Thika Road,Townhouse,4,3,1135,11,5.6,1,0,0,1,1,7585000.0
Ngong Road,Apartment,4,3,1316,25,12.7,0,0,0,1,5,15341000.0
Ruaka,Apartment,3,2,918,29,12.0,1,0,0,1,3,6245000.0
South B,Apartment,2,1,799,22,13.6,0,0,0,1,2,6815000.0
Spring Valley,Bungalow,6,6,2643,6,4.6,1,1,0,0,2,53171000.0
Kahawa,Villa,3,3,1240,17,24.2,1,1,0,1,1,6295000.0
Karen,Maisonette,3,2,1202,24,2.6,1,0,0,0,5,27305000.0
South C,Apartment,3,3,1209,2,8.9,0,0,0,0,4,13801000.0
South C,Maisonette,3,2,929,16,9.8,1,0,0,1,3,9725000.0
Spring Valley,Villa,3,3,1893,14,16.8,1,0,1,1,1,36504000.0
Kilimani,Apartment,2,1,818,23,13.8,0,0,0,0,5,11938000.0
South B,Apartment,4,3,1325,22,5.8,1,0,0,1,4,11578000.0
Kahawa,Apartment,4,4,1144,12,28.0,1,0,0,0,3,5013000.0
Kikuyu,Apartment,6,6,1698,17,27.4,1,0,0,1,2,8944000.0
Kilimani,Apartment,2,2,1020,7,10.9,1,0,1,0,4,19899000.0
Athi River,Maisonette,2,2,978,22,25.7,0,1,0,0,1,3527000.0
South B,Villa,4,4,1861,1,21.6,1,1,0,1,4,19013000.0
Kilimani,Bungalow,1,1,910,25,4.3,1,1,0,0,3,12305000.0
Kikuyu,Bungalow,2,2,878,12,22.6,1,0,0,0,1,4503000.0
Spring Valley,Apartment,3,3,943,5,4.0,0,0,0,0,4,19031000.0
Athi River,Maisonette,4,3,1778,7,22.0,1,1,0,1,5,7783000.0
Upperhill,Maisonette,3,3,1026,2,5.6,1,1,1,0,5,18396000.0
South C,Townhouse,5,5,1861,12,20.8,0,0,0,0,2,17716000.0
Rongai,Apartment,4,4,1361,10,12.4,1,0,0,0,4,8010000.0
Athi River,Apartment,3,3,1006,5,18.1,1,0,0,0,2,4632000.0
Nyayo Estate,Townhouse,4,4,1645,19,17.7,1,0,0,1,5,14762000.0
Lavington,Apartment,2,2,869,17,3.0,1,0,0,1,2,16823000.0
Loresho,Apartment,5,5,1824,6,11.0,0,0,0,0,3,29415000.0
Thika Road,Apartment,2,2,890,1,18.0,1,0,0,1,3,5926000.0
Kahawa,Apartment,3,3,1223,23,26.6,0,0,0,1,3,5230000.0
Karen,Maisonette,6,5,2435,2,12.4,1,0,1,1,4,68000000.0
Umoja,Apartment,3,2,1009,8,16.1,1,0,0,1,4,5017000.0
Kitisuru,Apartment,1,1,537,13,0.5,1,0,0,1,4,12391000.0
Nyayo Estate,Townhouse,1,1,586,19,13.6,1,0,0,1,2,5275000.0
Thika Road,Townhouse,2,1,810,6,8.7,0,0,0,0,3,5308000.0
Rongai,Apartment,4,4,1336,24,34.0,1,0,0,1,4,7215000.0
Roysambu,Apartment,3,2,916,5,17.4,0,0,0,1,5,5902000.0
Ruiru,Apartment,1,1,454,10,27.5,1,0,0,1,2,2220000.0
Kitisuru,Apartment,3,3,1172,22,12.8,1,0,0,0,3,19764000.0
Ruaka,Maisonette,4,3,1678,11,14.8,1,0,0,0,3,16108000.0
Karen,Apartment,5,5,1730,23,9.2,1,0,0,1,1,39118000.0
Kasarani,Apartment,2,1,725,10,21.3,1,0,0,1,5,4756000.0
Spring Valley,Apartment,6,5,1371,16,5.7,1,0,0,1,1,22784000.0
Roysambu,Apartment,5,4,1704,0,14.9,1,0,0,0,1,11656000.0
Embakasi,Apartment,4,4,1392,19,15.5,1,0,0,1,4,9874000.0
Kikuyu,Apartment,2,2,664,14,27.9,1,0,0,1,1,3169000.0
Lavington,Apartment,1,1,477,25,10.4,1,0,1,0,3,8842000.0
Kitisuru,Townhouse,3,3,1247,2,1.6,1,0,1,1,2,34215000.0
Loresho,Townhouse,3,2,1110,5,3.8,1,0,0,0,5,17208000.0
Donholm,Maisonette,2,1,658,18,16.8,0,1,0,1,4,4675000.0
Thika Road,Apartment,4,4,1666,19,14.6,1,0,0,1,4,10987000.0
Karen,Apartment,2,2,797,2,2.5,0,0,0,1,4,18898000.0
Athi River,Bungalow,5,5,2320,11,22.7,1,0,0,0,5,12185000.0
Rongai,Apartment,2,1,762,6,22.6,1,0,0,0,1,3691000.0
Dagoretti,Maisonette,2,2,777,1,20.0,1,0,0,0,4,6113000.0
Umoja,Apartment,2,1,879,1,28.6,0,0,0,0,2,4349000.0
Ruiru,Apartment,3,3,1337,18,22.1,1,0,0,0,2,5662000.0
Spring Valley,Townhouse,4,4,1235,21,3.9,1,0,0,1,5,24102000.0
Kilimani,Apartment,3,3,1184,17,5.9,1,0,0,1,4,20155000.0
Kahawa,Apartment,4,4,1050,25,36.1,1,0,0,0,2,4221000.0
Athi River,Townhouse,3,2,1089,1,24.9,1,0,0,1,2,5247000.0
Spring Valley,Villa,3,3,902,16,4.4,1,1,1,0,4,21412000.0
Lavington,Villa,1,1,790,4,2.1,1,1,0,1,2,16110000.0
Kikuyu,Apartment,2,1,728,15,16.7,0,0,0,1,3,3375000.0
Kileleshwa,Apartment,2,1,760,2,9.0,1,0,0,1,5,12836000.0
Spring Valley,Apartment,3,3,1271,27,9.6,1,0,1,1,1,23854000.0
Ruaka,Villa,1,1,1070,29,20.9,1,1,0,1,3,8477000.0
Kilimani,Townhouse,2,1,925,20,7.5,0,0,0,1,2,10465000.0
Westlands,Apartment,4,4,1252,15,9.7,0,0,1,1,5,21698000.0
Athi River,Maisonette,4,3,1596,4,35.3,0,1,0,1,2,6704000.0
Roysambu,Apartment,4,3,1439,8,16.9,0,0,0,0,2,7990000.0
Umoja,Bungalow,1,1,939,15,24.8,0,1,0,1,4,5390000.0
Ngong Road,Apartment,2,1,769,16,12.9,0,0,0,0,1,6512000.0
Kahawa,Apartment,4,4,1055,12,22.2,0,0,0,1,1,5372000.0
Karen,Villa,4,3,1894,1,9.8,1,0,0,1,3,45093000.0
Dagoretti,Apartment,1,1,609,25,13.5,1,0,0,1,3,4426000.0
Kitisuru,Apartment,2,2,936,8,1.4,1,0,0,1,1,21666000.0
South C,Bungalow,1,1,794,13,8.2,1,1,0,0,5,8515000.0
Spring Valley,Apartment,3,3,1324,26,9.9,1,0,0,0,2,15839000.0
Kileleshwa,Apartment,3,3,1003,20,7.0,1,0,0,1,4,14828000.0
Dagoretti,Apartment,2,2,985,17,12.5,0,0,0,0,4,7231000.0
Umoja,Apartment,4,4,1148,27,17.4,1,0,0,1,2,6016000.0
Langata,Apartment,3,2,1261,20,23.3,1,0,0,1,3,11881000.0
Kikuyu,Apartment,5,5,1673,22,16.3,1,0,0,1,3,8488000.0
Muthaiga,Apartment,2,2,753,10,6.3,0,0,1,0,4,18441000.0
Runda,Bungalow,3,3,1377,29,8.3,1,0,0,1,2,31961000.0
Kileleshwa,Villa,3,3,1629,24,6.0,1,1,0,0,5,25813000.0
Muthaiga,Bungalow,5,5,2396,13,2.7,1,0,0,1,5,63826000.0
Karen,Maisonette,2,2,770,1,3.9,1,1,1,1,5,22424000.0
Kilimani,Apartment,1,1,680,14,13.2,1,0,0,1,5,10959000.0
Kilimani,Apartment,3,2,1165,15,15.0,0,0,0,0,1,14636000.0
Embakasi,Apartment,2,2,801,18,27.7,1,0,0,0,2,4559000.0
Kasarani,Maisonette,2,1,910,21,27.6,1,0,0,1,3,4854000.0
Runda,Apartment,4,3,1282,7,1.7,1,0,0,1,3,31232000.0
Ruiru,Apartment,3,3,934,8,25.4,0,0,0,1,5,5069000.0
Langata,Bungalow,2,1,931,7,11.8,0,1,0,1,4,10914000.0
Kileleshwa,Apartment,3,2,1064,21,13.3,1,0,0,0,4,15330000.0
Thika Road,Townhouse,1,1,503,24,15.5,1,0,0,1,1,2938000.0
Donholm,Apartment,3,2,837,20,14.1,1,0,0,1,1,5491000.0
Dagoretti,Townhouse,2,1,724,5,14.2,0,0,0,0,3,6125000.0
Rongai,Townhouse,4,4,1348,22,21.5,1,0,0,1,2,6052000.0
South C,Apartment,2,1,1070,11,12.1,1,0,0,1,3,9268000.0
Nyayo Estate,Apartment,3,2,872,7,19.9,1,0,0,1,1,8012000.0
Buruburu,Bungalow,3,2,1689,6,21.2,1,0,0,1,1,14464000.0
Roysambu,Bungalow,3,2,1484,15,9.7,1,1,0,1,3,11031000.0
Embakasi,Apartment,5,5,1892,5,11.6,1,0,0,0,4,12266000.0
South B,Apartment,2,2,852,6,15.5,1,0,0,1,2,8734000.0
Athi River,Apartment,5,4,1159,29,35.2,1,0,0,1,4,4642000.0
Ruaka,Maisonette,3,3,881,7,16.1,1,0,0,1,2,6620000.0
South B,Maisonette,6,6,1860,29,26.3,0,1,0,0,4,14790000.0
Runda,Villa,3,2,1483,17,8.7,1,0,0,1,2,39010000.0
Loresho,Bungalow,5,5,2108,7,17.0,1,1,0,1,3,34588000.0
Nyayo Estate,Apartment,3,2,873,16,4.1,1,0,0,0,1,7098000.0
Roysambu,Apartment,1,1,388,16,19.3,1,0,0,1,1,2460000.0
South B,Townhouse,2,2,788,4,7.1,0,0,0,1,4,8355000.0
Runda,Apartment,3,2,1231,3,8.5,0,0,0,1,4,30575000.0
Buruburu,Maisonette,2,1,1034,23,17.3,1,0,0,1,3,7599000.0
Kilimani,Bungalow,3,2,1560,24,3.5,1,1,0,1,1,25072000.0
Karen,Apartment,3,3,1199,26,10.6,1,0,0,0,2,21944000.0
Athi River,Apartment,3,3,890,5,30.0,1,0,0,1,4,4664000.0
Karen,Apartment,5,5,1684,19,6.9,1,0,1,1,3,44080000.0
Langata,Apartment,4,4,1200,12,10.4,1,0,0,1,1,15130000.0
Dagoretti,Apartment,5,5,1647,7,16.8,1,0,0,1,4,14638000.0
Runda,Apartment,2,2,637,23,2.2,0,0,0,0,1,14140000.0
Westlands,Apartment,3,3,855,23,5.8,0,0,0,1,2,13497000.0
South B,Townhouse,3,3,1157,19,17.4,1,0,0,0,1,9458000.0
Ngong Road,Apartment,3,2,1153,5,4.7,1,0,0,0,5,14960000.0
Kilimani,Apartment,3,3,1139,1,5.6,1,0,0,0,3,17755000.0
Karen,Townhouse,3,3,1272,23,7.2,0,0,1,1,1,27887000.0
Langata,Maisonette,1,1,548,22,13.3,1,1,0,1,1,6102000.0
Donholm,Bungalow,1,1,503,9,21.2,1,1,0,0,3,3354000.0
Spring Valley,Maisonette,3,2,1424,18,13.4,1,0,0,0,3,20429000.0
Loresho,Apartment,4,3,1145,27,4.7,1,0,0,0,1,13026000.0
Spring Valley,Maisonette,3,3,1134,29,6.2,1,1,1,1,5,20150000.0
Donholm,Townhouse,4,4,1719,14,18.4,1,0,0,0,1,10207000.0
Lavington,Townhouse,5,5,1678,26,1.2,1,0,1,1,5,36829000.0
Spring Valley,Villa,3,3,1594,8,0.5,1,0,1,0,2,31122000.0
Westlands,Apartment,6,6,1691,25,5.8,0,0,1,1,4,34367000.0
Embakasi,Maisonette,2,2,1019,6,11.5,1,1,0,1,4,6964000.0
Ngong Road,Villa,4,3,1414,1,2.9,0,0,0,1,1,15905000.0
Buruburu,Villa,2,2,1020,10,16.9,1,0,0,1,1,7239000.0
Ruaka,Townhouse,2,2,1127,16,20.3,1,0,0,0,4,9112000.0
Kikuyu,Villa,3,2,1655,17,27.2,1,0,0,0,4,7667000.0
South B,Maisonette,5,5,2024,14,15.2,1,1,0,1,2,18810000.0
Spring Valley,Bungalow,3,3,1377,28,11.5,1,0,0,1,1,23608000.0
Westlands,Apartment,3,3,1330,7,0.5,1,0,1,1,2,31312000.0
Loresho,Apartment,4,4,1157,12,6.5,1,0,0,0,5,16138000.0
Ruiru,Apartment,2,2,672,7,30.8,0,0,0,1,4,3187000.0
South C,Maisonette,3,2,631,19,20.3,1,1,0,1,2,5910000.0
Umoja,Apartment,2,2,790,27,28.0,1,0,0,1,4,4184000.0
Donholm,Maisonette,2,1,938,13,20.6,0,0,0,1,4,6275000.0
Roysambu,Townhouse,3,3,1225,8,11.4,1,0,0,1,2,8191000.0
South C,Apartment,2,2,743,27,12.7,1,0,0,1,5,7129000.0
Kahawa,Apartment,1,1,588,23,23.1,1,0,0,0,2,2319000.0
Donholm,Apartment,3,3,994,15,23.1,1,0,0,0,3,5379000.0
Dagoretti,Villa,3,3,1510,29,18.8,1,1,0,0,2,10615000.0
Langata,Townhouse,3,2,1041,29,8.9,1,0,0,1,1,10360000.0
Karen,Villa,4,3,2405,22,3.2,1,1,0,1,4,63441000.0
Umoja,Apartment,3,2,983,24,24.8,0,0,0,1,3,4440000.0
Muthaiga,Maisonette,2,1,705,4,9.3,1,0,0,1,1,15964000.0
South C,Apartment,2,1,981,18,14.1,1,0,0,1,5,9687000.0
Kitisuru,Apartment,2,1,779,9,9.8,1,0,1,1,4,17334000.0
Embakasi,Apartment,3,2,1335,29,14.1,1,0,0,0,3,7190000.0
Kileleshwa,Maisonette,2,2,712,8,3.1,1,0,0,1,2,11850000.0
Athi River,Villa,3,2,1388,22,29.0,1,0,0,0,2,4926000.0
Buruburu,Apartment,6,6,1519,28,18.2,1,0,0,1,1,9361000.0
Kilimani,Apartment,4,4,1757,23,6.7,1,0,0,0,2,27074000.0
Donholm,Apartment,2,2,881,28,10.4,0,0,0,0,2,5595000.0
Spring Valley,Maisonette,3,2,1160,14,11.0,0,1,0,0,2,18654000.0
South C,Apartment,3,2,1126,25,13.6,0,0,0,1,2,9601000.0
Upperhill,Bungalow,5,5,2707,21,8.7,1,1,0,1,5,51291000.0
Ruaka,Maisonette,2,1,1071,2,19.2,1,0,0,0,3,8999000.0
Karen,Apartment,2,1,852,29,19.0,1,0,0,1,2,12172000.0
Ruiru,Townhouse,2,1,907,25,24.5,1,0,0,1,3,3427000.0
Thika Road,Apartment,3,2,958,9,22.0,1,0,0,1,5,6988000.0
Spring Valley,Apartment,3,3,1186,24,19.6,1,0,0,1,5,20162000.0
Embakasi,Maisonette,3,3,1163,25,22.5,1,0,0,1,3,6282000.0
Kilimani,Bungalow,3,2,1323,1,5.2,1,0,0,1,1,22089000.0
Donholm,Villa,5,4,2009,12,15.8,1,0,0,1,2,14457000.0
Kahawa,Bungalow,2,1,1133,27,36.8,1,1,0,1,4,4491000.0
Umoja,Bungalow,4,4,2599,0,13.7,1,1,0,1,2,17999000.0
Ruiru,Townhouse,1,1,690,15,30.0,1,0,0,0,5,2890000.0
Nyayo Estate,Apartment,3,3,941,12,23.1,1,0,0,1,1,7345000.0
Dagoretti,Maisonette,5,4,1887,23,18.2,0,0,0,1,2,14463000.0
Spring Valley,Maisonette,3,3,935,28,11.6,1,0,1,1,1,13191000.0
Lavington,Villa,3,3,1374,22,7.2,0,0,1,0,1,25618000.0
Buruburu,Bungalow,1,1,870,26,12.5,0,1,0,1,3,6170000.0
Langata,Villa,4,3,2030,19,13.8,1,0,0,1,1,24683000.0
South C,Apartment,2,1,954,26,16.5,1,0,0,0,4,8147000.0
Donholm,Villa,2,1,1047,23,21.9,1,0,0,1,5,6206000.0
Kahawa,Maisonette,3,3,1224,7,34.7,0,1,0,0,3,4877000.0
Kilimani,Apartment,3,3,954,17,9.3,1,0,0,1,3,17261000.0
Karen,Apartment,4,4,1393,13,0.5,1,0,0,0,3,35139000.0
South B,Townhouse,3,3,928,3,7.7,1,0,0,0,2,11689000.0
Kitisuru,Apartment,2,1,1179,19,1.0,1,0,0,0,5,26468000.0
Roysambu,Apartment,2,2,686,2,13.9,0,0,0,1,3,5157000.0
South B,Maisonette,3,2,1209,16,14.4,0,1,0,0,3,10985000.0
Kitisuru,Townhouse,2,2,994,8,15.8,1,0,0,0,3,19702000.0
Karen,Villa,2,1,1197,26,11.2,1,0,0,1,3,21363000.0
Kahawa,Apartment,2,2,952,15,24.6,1,0,0,0,5,3510000.0
Muthaiga,Apartment,1,1,586,12,3.4,1,0,0,1,3,14835000.0
Ngong Road,Townhouse,4,4,1646,6,17.1,1,0,0,1,4,19679000.0
Runda,Villa,2,1,1259,6,0.5,1,1,1,1,5,42022000.0
Thika Road,Townhouse,4,4,1468,11,22.7,1,0,0,1,2,10211000.0
Kasarani,Villa,5,4,1873,8,26.2,1,0,0,0,3,10140000.0
Karen,Maisonette,4,3,1521,19,7.7,1,1,1,1,1,38836000.0
Spring Valley,Villa,3,3,1519,22,10.2,1,1,0,1,5,25783000.0
South C,Apartment,3,2,1036,13,9.2,1,0,0,1,4,10995000.0
Upperhill,Maisonette,1,1,620,19,6.0,1,1,0,1,4,12047000.0
Embakasi,Townhouse,4,4,1607,21,30.0,1,0,0,1,3,9285000.0
Karen,Apartment,2,1,885,17,7.3,1,0,1,1,2,19548000.0
Ruaka,Apartment,5,4,1698,6,17.3,1,0,0,0,3,13058000.0
Ruaka,Apartment,5,5,1499,15,7.1,0,0,0,1,3,14575000.0
Lavington,Apartment,4,4,1286,21,10.8,1,0,1,1,4,27681000.0
South C,Townhouse,2,1,867,29,13.6,0,0,0,0,3,6881000.0
Embakasi,Apartment,2,2,768,21,20.8,1,0,0,0,2,4772000.0
Rongai,Apartment,5,5,1695,11,24.0,1,0,0,1,5,10589000.0
Ngong Road,Townhouse,4,4,1427,8,11.1,1,0,0,1,5,17905000.0
Nyayo Estate,Bungalow,2,2,1265,0,13.7,1,0,0,0,3,12483000.0
Nyayo Estate,Apartment,1,1,463,10,15.7,1,0,0,1,4,4021000.0
Athi River,Apartment,5,5,1549,12,21.9,1,0,0,0,4,6667000.0
Langata,Townhouse,2,2,950,19,9.8,0,0,0,0,4,9731000.0
Langata,Apartment,1,1,589,17,11.3,1,0,0,0,5,7122000.0
Kasarani,Apartment,3,3,969,7,13.6,1,0,0,1,2,5457000.0
Ruiru,Bungalow,3,3,1303,23,27.0,1,0,0,1,4,5507000.0
Karen,Apartment,3,2,1242,27,19.3,1,0,1,1,2,27788000.0
Roysambu,Apartment,1,1,569,21,20.6,1,0,0,0,5,3292000.0
Lavington,Apartment,1,1,633,6,4.8,1,0,0,0,4,14087000.0
Buruburu,Apartment,2,2,819,20,22.6,1,0,0,1,4,5844000.0
Ruiru,Bungalow,1,1,848,22,20.1,1,1,0,1,2,4130000.0
South C,Apartment,3,2,1078,26,4.8,0,0,0,0,1,8761000.0
Athi River,Apartment,3,3,1454,0,24.4,1,0,0,1,2,6978000.0
Kilimani,Bungalow,3,2,1034,15,1.9,1,1,0,1,1,17705000.0
Loresho,Townhouse,3,3,1411,1,13.3,1,0,0,1,2,22912000.0
Kilimani,Maisonette,2,1,1002,18,5.4,1,1,0,0,1,15156000.0
Embakasi,Apartment,3,3,1225,27,13.7,0,0,0,1,3,6272000.0
Kilimani,Villa,5,5,2862,19,10.8,1,0,0,1,2,50307000.0
South C,Maisonette,2,2,927,14,26.5,1,0,0,0,5,7711000.0
Kikuyu,Apartment,5,4,1224,2,14.2,1,0,0,0,5,6992000.0
Kahawa,Apartment,4,4,1317,14,27.9,1,0,0,1,1,6533000.0
Donholm,Apartment,3,3,1036,0,13.0,1,0,0,1,4,7729000.0
Muthaiga,Maisonette,4,3,1220,0,6.9,1,1,0,1,3,32464000.0
South C,Townhouse,2,2,1100,8,6.3,1,0,0,0,4,11847000.0
Runda,Villa,1,1,919,23,8.2,1,1,1,0,4,24071000.0
Kahawa,Apartment,6,5,2071,18,33.0,1,0,0,1,3,8586000.0
Loresho,Bungalow,4,4,1351,28,7.2,1,1,0,0,5,21899000.0
Muthaiga,Apartment,3,3,1162,10,6.8,1,0,0,0,3,29337000.0
Roysambu,Bungalow,2,2,1121,16,19.4,1,1,0,0,3,7557000.0
Runda,Maisonette,3,2,1313,22,0.5,1,1,0,1,2,36065000.0
Roysambu,Townhouse,3,2,1189,1,16.2,1,0,0,1,4,9248000.0
Umoja,Apartment,4,3,1405,23,24.0,1,0,0,0,4,7133000.0
Thika Road,Apartment,4,4,1194,29,15.6,1,0,0,1,1,7624000.0
Kasarani,Apartment,6,5,1709,5,27.8,0,0,0,1,4,8500000.0
Ruaka,Villa,1,1,636,16,12.4,1,0,0,1,2,5434000.0
Kahawa,Apartment,2,2,849,9,33.7,1,0,0,0,1,3732000.0
Loresho,Bungalow,3,2,1676,5,8.0,1,1,0,1,5,31345000.0
Muthaiga,Apartment,2,2,973,25,7.2,1,0,0,1,4,19825000.0
Thika Road,Apartment,3,2,1141,25,13.9,1,0,0,1,4,8360000.0
Kasarani,Apartment,3,3,930,8,22.9,0,0,0,0,5,5525000.0
Kitisuru,Apartment,4,3,1224,4,13.3,0,0,0,1,5,28206000.0
Kikuyu,Apartment,4,4,1233,29,22.6,1,0,0,0,3,5518000.0
Athi River,Apartment,3,3,1159,26,30.1,1,0,0,1,3,4214000.0
Ruaka,Apartment,3,2,1317,25,21.1,1,0,0,0,4,9257000.0
Rongai,Apartment,1,1,542,18,18.1,1,0,0,1,1,2621000.0
Kahawa,Apartment,2,2,869,17,21.2,1,0,0,1,5,4517000.0
Upperhill,Bungalow,1,1,589,4,15.5,1,0,0,0,2,8308000.0
Roysambu,Villa,5,4,1929,25,25.6,1,0,0,0,2,10262000.0
Nyayo Estate,Apartment,3,3,963,26,11.4,0,0,0,0,1,8421000.0
Kahawa,Townhouse,1,1,721,3,28.3,0,0,0,0,2,2715000.0
Lavington,Apartment,3,3,923,2,0.5,1,0,0,1,1,22534000.0
Kileleshwa,Maisonette,1,1,514,15,15.5,1,0,0,1,3,7713000.0
Loresho,Townhouse,2,2,814,16,7.1,1,0,0,1,3,12049000.0
Kilimani,Maisonette,4,4,1533,11,11.2,1,1,0,0,5,29665000.0
Thika Road,Townhouse,3,3,1204,8,18.7,1,0,0,0,5,7939000.0
South B,Townhouse,4,3,1634,22,16.9,1,0,0,0,5,13921000.0
Athi River,Bungalow,4,4,2017,6,24.6,1,1,0,0,5,8872000.0
Embakasi,Bungalow,3,2,1258,9,19.0,1,1,0,1,3,9027000.0
Thika Road,Maisonette,3,3,902,22,21.4,1,1,0,1,3,5797000.0
Upperhill,Maisonette,3,3,1450,27,12.4,1,1,0,0,1,23891000.0
Athi River,Bungalow,3,3,1433,9,27.3,0,0,0,0,3,5019000.0
Ngong Road,Maisonette,2,2,799,6,12.5,1,1,0,1,3,10288000.0
Westlands,Apartment,2,1,937,4,11.3,1,0,0,1,4,17343000.0
Westlands,Apartment,2,2,707,18,0.5,1,0,1,1,2,15377000.0
Muthaiga,Apartment,3,2,1137,25,2.0,1,0,0,0,3,23920000.0
Ruaka,Apartment,4,3,1261,26,7.0,1,0,0,0,3,10344000.0
Athi River,Apartment,3,3,888,13,30.6,0,0,0,1,5,4145000.0
Loresho,Maisonette,4,4,1380,28,11.2,1,1,0,0,3,19961000.0
Kasarani,Apartment,2,2,627,11,26.1,1,0,0,1,5,3982000.0
Kikuyu,Apartment,2,2,811,4,22.9,0,0,0,1,2,4434000.0
Kileleshwa,Maisonette,5,4,1621,0,2.1,1,1,0,0,2,29351000.0
Kikuyu,Apartment,4,4,1477,28,24.0,1,0,0,1,3,7690000.0
Lavington,Apartment,3,3,1252,2,12.8,1,0,0,0,2,23577000.0
Spring Valley,Apartment,3,2,1243,6,14.3,0,0,0,1,5,19823000.0
Kahawa,Apartment,5,4,1684,0,33.7,1,0,0,1,4,9151000.0
Westlands,Maisonette,4,3,1444,16,9.4,1,1,0,0,4,26574000.0
Ruaka,Apartment,6,5,1967,19,29.7,1,0,0,1,3,13885000.0
Loresho,Villa,3,3,1345,17,4.4,0,1,0,0,5,18766000.0
Umoja,Bungalow,5,5,1958,16,19.6,1,1,0,1,3,12301000.0
Kasarani,Apartment,4,3,1076,14,12.9,1,0,0,1,2,6390000.0
Kikuyu,Bungalow,2,1,1317,19,15.8,1,1,0,1,4,6614000.0
Thika Road,Apartment,1,1,669,19,18.8,1,0,0,1,1,3893000.0
Kasarani,Apartment,2,1,906,5,13.3,1,0,0,1,2,5222000.0
Ruiru,Townhouse,3,2,897,12,22.3,1,0,0,1,5,4611000.0
Thika Road,Apartment,2,2,908,11,13.7,1,0,0,1,4,6426000.0
Ngong Road,Apartment,5,5,1689,17,6.4,1,0,0,1,2,24271000.0
Muthaiga,Apartment,2,2,918,27,4.0,1,0,1,1,1,19794000.0
Kikuyu,Bungalow,3,2,1685,0,15.1,1,1,0,0,3,9418000.0
Kileleshwa,Apartment,3,2,1044,9,14.6,1,0,0,1,5,17837000.0
Ruiru,Maisonette,3,3,1208,1,36.3,1,1,0,1,1,6309000.0
South B,Apartment,4,3,1532,24,8.1,1,0,0,1,3,14819000.0
Kileleshwa,Maisonette,3,2,1161,1,0.5,0,0,0,1,4,19934000.0
Nyayo Estate,Apartment,3,3,946,19,13.0,1,0,0,1,4,10042000.0
Lavington,Apartment,4,3,1083,5,3.9,1,0,0,1,5,22918000.0
Roysambu,Apartment,4,3,1475,12,20.1,1,0,0,1,3,8555000.0
Kikuyu,Apartment,3,2,948,13,21.5,1,0,0,0,2,4417000.0
Ruaka,Townhouse,3,3,1367,20,14.4,0,0,0,0,1,9809000.0
Westlands,Townhouse,2,2,910,17,5.3,0,0,0,1,4,16074000.0
Kileleshwa,Maisonette,3,2,985,7,10.6,1,0,0,0,4,14338000.0
Karen,Apartment,1,1,532,6,0.5,0,0,1,0,2,11178000.0
Kahawa,Apartment,2,2,657,11,28.3,1,0,0,0,5,3306000.0
Donholm,Apartment,2,2,795,9,16.5,1,0,0,1,5,6083000.0
South C,Apartment,3,3,956,13,8.7,1,0,0,0,2,9288000.0
Kileleshwa,Maisonette,4,3,1372,27,10.8,1,0,0,1,5,20222000.0
Kilimani,Villa,2,2,1106,9,0.5,0,0,0,1,4,20938000.0
Dagoretti,Maisonette,6,6,2269,22,6.9,1,0,0,0,3,18080000.0
Embakasi,Townhouse,3,2,1171,8,18.9,0,0,0,0,2,6132000.0
Kileleshwa,Maisonette,2,1,1114,11,11.6,1,0,0,1,1,17091000.0
Ngong Road,Townhouse,4,4,1221,10,4.7,0,0,0,1,2,13762000.0
Dagoretti,Maisonette,1,1,754,3,12.4,1,1,0,1,5,7226000.0
South C,Apartment,3,3,1144,28,15.6,1,0,0,1,2,9467000.0
Spring Valley,Townhouse,2,2,826,26,10.0,1,0,0,1,5,14657000.0
Embakasi,Townhouse,1,1,762,28,12.3,1,0,0,0,4,4753000.0
Kitisuru,Townhouse,3,3,1346,23,2.0,1,0,0,0,4,30235000.0
Umoja,Apartment,3,2,1153,28,31.7,0,0,0,1,5,5985000.0
Donholm,Apartment,3,3,1205,5,19.9,1,0,0,0,4,10052000.0
Karen,Apartment,1,1,522,0,0.5,1,0,1,0,4,15140000.0
Roysambu,Apartment,4,4,1224,15,24.6,1,0,0,0,2,7532000.0
Kahawa,Apartment,4,4,1013,16,29.7,1,0,0,0,5,5139000.0
Kikuyu,Apartment,3,2,1568,27,14.0,1,0,0,1,2,7338000.0
Kikuyu,Apartment,3,2,1017,17,23.7,1,0,0,1,5,5473000.0
Rongai,Maisonette,3,3,895,12,20.2,1,0,0,1,1,4847000.0
Kikuyu,Townhouse,4,3,1808,11,27.0,1,0,0,0,5,9955000.0
Umoja,Bungalow,3,2,1713,27,23.2,1,1,0,1,2,9077000.0
Kileleshwa,Apartment,4,4,1152,26,8.8,1,0,0,1,3,19152000.0
Kilimani,Bungalow,2,2,1191,4,6.1,1,0,0,1,3,21743000.0
Rongai,Townhouse,6,5,1896,11,18.4,1,0,0,1,1,9878000.0
Westlands,Villa,3,2,1519,16,7.8,1,1,0,0,4,30703000.0
Umoja,Maisonette,2,1,998,9,30.1,1,0,0,1,5,5652000.0
Runda,Apartment,3,3,1069,12,0.5,1,0,0,0,1,23615000.0
Loresho,Apartment,5,5,1974,16,7.5,1,0,0,0,5,30680000.0
Rongai,Apartment,1,1,514,18,18.0,1,0,0,0,3,2282000.0
Kikuyu,Apartment,3,3,835,23,26.7,1,0,0,1,3,4621000.0
Donholm,Apartment,3,2,1133,4,24.4,1,0,0,1,3,8933000.0
Westlands,Apartment,5,4,1978,12,10.2,1,0,0,1,3,42231000.0
Kasarani,Apartment,3,3,984,2,19.7,0,0,0,1,3,5614000.0
Westlands,Townhouse,2,2,1097,11,13.7,1,0,0,1,2,17068000.0
Buruburu,Apartment,2,2,777,22,22.5,1,0,0,0,3,4730000.0
Ruiru,Maisonette,2,2,1084,14,15.6,0,1,0,1,5,5404000.0
Lavington,Apartment,2,2,1075,22,8.2,0,0,1,1,1,21287000.0
Embakasi,Maisonette,5,4,1719,28,25.9,1,0,0,1,2,9551000.0
Karen,Townhouse,5,4,1813,15,7.3,0,0,0,1,5,43217000.0
Lavington,Apartment,4,4,1563,21,4.6,1,0,0,1,1,26853000.0
Spring Valley,Townhouse,1,1,767,26,0.8,1,0,0,1,5,12599000.0
Donholm,Villa,4,4,1758,5,20.6,1,1,0,1,1,14208000.0
Lavington,Apartment,3,2,1008,3,0.5,1,0,1,1,3,25273000.0
Ruaka,Apartment,3,3,1135,7,13.8,0,0,0,1,4,10397000.0
Ruiru,Apartment,4,3,1578,5,25.4,1,0,0,0,4,9706000.0
Langata,Apartment,3,3,1158,6,15.6,1,0,0,1,4,12606000.0
Donholm,Apartment,6,5,1689,6,18.3,1,0,0,0,2,11501000.0
Dagoretti,Villa,2,1,1102,21,20.6,1,0,0,1,3,7499000.0
Spring Valley,Apartment,4,4,1266,3,4.3,0,0,0,0,1,24478000.0
South C,Townhouse,2,2,868,12,5.4,1,0,0,0,4,9710000.0
Ruiru,Townhouse,3,3,1251,10,24.1,1,0,0,0,1,5845000.0
Roysambu,Apartment,1,1,432,13,26.3,0,0,0,1,5,2529000.0
Nyayo Estate,Townhouse,3,3,1260,7,11.3,1,0,0,0,3,11409000.0
Spring Valley,Apartment,4,3,1282,17,6.7,1,0,1,1,4,30446000.0
Lavington,Apartment,2,2,906,22,8.6,1,0,0,1,3,16333000.0
Thika Road,Apartment,2,1,735,12,16.6,0,0,0,0,4,4683000.0
Embakasi,Apartment,3,3,937,27,22.6,1,0,0,1,2,5095000.0
Kileleshwa,Apartment,4,4,1166,11,11.5,0,0,0,0,1,16805000.0
Westlands,Townhouse,1,1,589,16,3.5,1,0,0,1,2,8251000.0
Spring Valley,Apartment,6,5,2011,21,6.8,1,0,0,1,1,33629000.0
Runda,Apartment,5,5,1511,18,11.1,1,0,0,1,3,40030000.0
Dagoretti,Apartment,2,2,734,21,22.2,0,0,0,1,3,5114000.0
Umoja,Apartment,5,5,1258,9,25.7,1,0,0,1,4,7720000.0
Ruaka,Townhouse,4,4,1367,25,15.0,1,0,0,1,3,11890000.0
Ngong Road,Apartment,1,1,673,16,6.9,1,0,0,0,5,6409000.0
Upperhill,Apartment,5,4,1340,23,0.5,1,0,0,1,2,23621000.0
Donholm,Bungalow,2,1,1390,21,18.2,0,1,0,1,2,9104000.0
South C,Apartment,5,5,1567,0,15.4,1,0,0,0,4,17675000.0
Ruaka,Apartment,3,2,1252,18,4.8,1,0,0,1,3,11396000.0
Runda,Townhouse,2,2,1028,2,6.3,1,0,1,0,2,29865000.0
Runda,Apartment,2,1,839,6,12.8,1,0,0,1,4,19898000.0
Ruaka,Villa,2,1,1013,6,20.5,1,0,0,0,1,8037000.0
Rongai,Apartment,4,4,1464,28,16.6,1,0,0,1,3,7296000.0
Ruaka,Apartment,2,2,775,26,4.7,1,0,0,0,1,5866000.0
Langata,Maisonette,3,3,1012,2,6.2,0,0,0,0,3,12787000.0
Ruaka,Apartment,5,5,1496,18,21.9,1,0,0,0,4,11920000.0
Rongai,Maisonette,2,2,909,9,21.2,1,0,0,0,1,4494000.0
South C,Apartment,1,1,504,6,15.7,1,0,0,1,2,4626000.0
Embakasi,Bungalow,2,1,1052,5,22.7,0,1,0,0,4,6862000.0
Kasarani,Townhouse,3,3,1103,2,15.8,1,0,0,1,5,7897000.0
Loresho,Villa,2,2,1406,3,8.6,1,0,0,0,1,20955000.0
Loresho,Apartment,4,3,1058,14,7.6,1,0,0,1,4,16916000.0
Kilimani,Apartment,4,4,1264,18,1.7,1,0,0,0,4,24025000.0
Donholm,Maisonette,1,1,495,24,25.4,0,0,0,1,1,2892000.0
Athi River,Apartment,3,3,1088,5,18.6,1,0,0,1,5,5816000.0
Langata,Maisonette,6,6,1987,24,18.6,1,1,0,1,3,22392000.0
Athi River,Apartment,4,4,1481,2,35.4,1,0,0,0,5,6894000.0
Embakasi,Villa,6,5,2969,25,27.7,1,1,0,1,1,16922000.0
Lavington,Villa,2,2,1088,21,9.0,0,1,1,1,2,20685000.0
Karen,Maisonette,1,1,663,24,16.9,1,0,0,1,5,13818000.0
Langata,Apartment,2,2,613,8,5.3,1,0,0,1,1,6351000.0
Kilimani,Maisonette,2,2,1073,17,11.0,0,0,0,1,3,19039000.0
Karen,Bungalow,3,2,1600,15,6.1,0,1,1,1,5,44790000.0
Roysambu,Apartment,4,3,1475,27,20.8,1,0,0,1,4,9511000.0
Ruaka,Villa,2,1,1178,29,18.7,0,0,0,1,3,7570000.0
Langata,Apartment,2,2,807,17,13.6,0,0,0,1,1,6943000.0
Thika Road,Apartment,3,2,1240,3,22.3,1,0,0,0,2,7854000.0
South C,Apartment,4,3,1128,11,6.7,1,0,0,0,2,11893000.0
Buruburu,Apartment,3,2,725,9,18.9,0,0,0,0,2,5317000.0
Loresho,Apartment,3,3,1173,5,15.5,1,0,0,0,5,16581000.0
Umoja,Apartment,6,5,1803,19,18.0,1,0,0,1,3,11522000.0
Buruburu,Apartment,5,4,1184,2,10.7,0,0,0,1,1,8790000.0
Muthaiga,Apartment,3,2,856,22,3.1,1,0,0,1,3,21689000.0
Loresho,Villa,2,2,1125,24,10.5,1,0,0,1,3,16232000.0
Rongai,Apartment,2,2,727,7,18.6,1,0,0,1,2,4496000.0
Kikuyu,Apartment,3,2,808,1,24.6,1,0,0,1,1,4582000.0
Roysambu,Townhouse,1,1,594,25,16.2,1,0,0,1,5,4054000.0
Lavington,Apartment,2,2,808,29,7.6,1,0,0,0,5,15624000.0
Umoja,Apartment,2,1,957,1,25.5,1,0,0,1,5,6088000.0
Langata,Apartment,2,2,961,1,8.2,1,0,0,1,1,11388000.0
Buruburu,Townhouse,3,3,1459,17,20.6,0,0,0,0,4,9763000.0
Ruiru,Maisonette,3,3,802,16,19.6,1,1,0,1,1,3648000.0
Dagoretti,Bungalow,2,2,794,0,16.5,1,1,0,0,3,6011000.0
Donholm,Apartment,3,3,1182,7,23.0,0,0,0,1,2,8998000.0
Langata,Apartment,3,3,1042,22,10.8,1,0,0,0,4,11827000.0
Langata,Townhouse,3,3,1266,21,8.4,1,0,0,1,1,13261000.0
Roysambu,Apartment,5,5,1548,7,18.5,1,0,0,0,3,12298000.0
South B,Apartment,3,3,1228,16,4.6,1,0,0,1,2,11043000.0
Kasarani,Apartment,3,3,1092,6,27.1,1,0,0,1,2,6050000.0
South B,Apartment,5,5,2044,2,12.6,1,0,0,0,4,20564000.0
Umoja,Maisonette,2,1,1040,18,25.4,1,1,0,1,4,5716000.0
Roysambu,Apartment,4,4,1547,23,22.8,1,0,0,1,2,6823000.0
Dagoretti,Maisonette,4,3,1566,17,6.2,1,0,0,0,5,14836000.0
Ruiru,Townhouse,3,3,1261,20,29.3,1,0,0,1,5,5671000.0
South B,Maisonette,2,1,958,28,5.0,1,0,0,1,1,8574000.0
Runda,Apartment,5,5,1540,22,6.6,1,0,0,1,4,36967000.0
Muthaiga,Villa,5,5,2556,26,3.1,1,1,0,1,2,58726000.0
Ruaka,Apartment,3,3,1088,14,23.1,1,0,0,1,5,8956000.0
Westlands,Apartment,3,3,1034,12,7.6,1,0,0,1,4,17354000.0
Westlands,Maisonette,5,4,1790,2,4.2,1,0,0,0,5,34655000.0
Thika Road,Apartment,2,1,765,7,12.6,1,0,0,1,4,6101000.0
Langata,Villa,1,1,747,6,13.9,1,1,0,1,2,7448000.0
Kasarani,Apartment,4,4,963,29,16.4,1,0,0,1,1,5197000.0
Donholm,Apartment,3,2,949,13,33.7,1,0,0,0,1,5084000.0
Buruburu,Apartment,3,2,978,6,18.9,1,0,0,1,3,8317000.0
Langata,Apartment,4,4,1236,0,5.0,0,0,0,1,3,16052000.0
Langata,Apartment,2,1,722,10,21.1,1,0,0,0,5,8801000.0
Kileleshwa,Villa,4,4,2002,24,8.5,1,0,0,0,3,33842000.0
Ruiru,Townhouse,3,2,1092,7,25.4,0,0,0,1,4,4941000.0
South C,Bungalow,1,1,715,26,4.3,1,1,0,0,5,7036000.0
Roysambu,Bungalow,4,4,2013,15,17.1,1,1,0,1,3,10696000.0
Kilimani,Maisonette,5,4,1764,5,4.1,1,1,1,1,3,42412000.0
South C,Maisonette,2,2,817,5,10.8,0,1,0,1,5,8756000.0
Nyayo Estate,Apartment,2,2,689,13,19.2,1,0,0,0,3,6012000.0
Kikuyu,Apartment,2,2,547,18,22.1,1,0,0,0,3,2666000.0
Rongai,Apartment,5,4,1399,25,23.6,1,0,0,0,2,7591000.0
Runda,Townhouse,2,2,792,27,11.0,1,0,0,1,5,16799000.0
Ngong Road,Maisonette,2,1,1039,14,11.1,1,1,0,1,2,13814000.0
Buruburu,Apartment,3,2,759,17,9.1,1,0,0,1,3,6260000.0
Nyayo Estate,Apartment,2,1,917,20,10.4,1,0,0,1,4,8286000.0
Upperhill,Apartment,2,2,959,20,1.5,1,0,0,0,4,14145000.0
Ruiru,Bungalow,3,3,1467,1,25.3,1,0,0,0,5,7272000.0
Loresho,Bungalow,4,4,1879,1,12.4,1,1,0,0,4,31000000.0
Karen,Apartment,5,5,1535,19,0.5,0,0,1,1,4,41632000.0
Kasarani,Townhouse,3,3,1290,25,16.5,1,0,0,0,2,6486000.0
Umoja,Apartment,2,1,868,13,25.1,1,0,0,1,5,5058000.0
Upperhill,Maisonette,3,3,1149,25,7.9,1,1,1,1,4,25683000.0
Nyayo Estate,Apartment,2,2,965,27,15.8,1,0,0,1,3,8277000.0
Karen,Apartment,3,3,775,21,7.0,1,0,1,1,5,17263000.0
Spring Valley,Maisonette,3,3,965,19,8.0,1,1,1,1,1,17241000.0
Ruaka,Apartment,4,4,1071,21,19.0,1,0,0,0,1,7422000.0
Roysambu,Apartment,4,4,1201,19,21.8,1,0,0,0,5,7615000.0
Kilimani,Apartment,5,5,1258,12,5.1,1,0,0,1,2,21670000.0
Embakasi,Maisonette,4,3,1371,27,17.0,0,0,0,0,1,7206000.0
Kilimani,Apartment,2,1,965,15,3.4,0,0,0,0,2,15543000.0
Karen,Apartment,6,6,1519,23,0.5,1,0,0,1,1,31168000.0
Embakasi,Maisonette,4,3,1203,23,17.2,1,0,0,0,3,6379000.0
Kileleshwa,Apartment,3,3,1187,27,7.6,0,0,0,1,2,18139000.0
Spring Valley,Bungalow,2,1,1033,13,7.1,0,1,0,0,3,19332000.0
Lavington,Apartment,3,3,862,24,14.6,0,0,1,0,5,15906000.0
Embakasi,Apartment,3,3,1040,8,10.2,1,0,0,1,2,6296000.0
Ruiru,Bungalow,2,1,1246,28,32.3,1,0,0,1,4,4744000.0
Langata,Bungalow,3,3,1635,14,11.7,1,0,0,0,4,18414000.0
Roysambu,Townhouse,4,4,1059,21,13.6,1,0,0,1,2,7164000.0
Runda,Apartment,3,3,1155,24,10.7,0,0,1,1,5,32867000.0
Loresho,Townhouse,5,4,1811,19,8.3,1,0,0,1,5,27016000.0
Dagoretti,Apartment,2,1,812,13,25.0,1,0,0,1,5,7152000.0
Kitisuru,Maisonette,3,2,1276,16,7.7,1,1,0,0,2,25144000.0
Thika Road,Bungalow,6,5,2866,2,23.1,1,1,0,0,4,20415000.0
Muthaiga,Apartment,3,3,942,11,9.1,1,0,0,0,5,24902000.0
Dagoretti,Bungalow,4,4,1316,9,17.3,1,0,0,0,1,11152000.0
Kitisuru,Townhouse,3,3,1224,7,4.7,1,0,0,0,3,24774000.0
South B,Apartment,1,1,522,1,24.4,1,0,0,0,4,3716000.0
Umoja,Maisonette,3,3,1088,18,24.9,1,1,0,0,4,5143000.0
Embakasi,Apartment,1,1,459,17,25.4,1,0,0,1,3,2719000.0
Athi River,Apartment,1,1,515,0,35.4,1,0,0,1,2,2045000.0
South C,Apartment,3,3,1111,22,7.4,1,0,0,0,1,10794000.0
Rongai,Maisonette,5,5,1970,13,30.3,1,1,0,1,4,12253000.0
Ruiru,Townhouse,2,1,938,14,22.7,1,0,0,1,3,4064000.0
Westlands,Townhouse,5,5,1977,18,5.9,1,0,0,1,3,35555000.0
Umoja,Apartment,3,2,1153,9,22.4,0,0,0,1,4,6604000.0
Ruaka,Apartment,4,4,1503,0,23.0,1,0,0,1,4,13119000.0
Roysambu,Apartment,6,5,1674,8,17.0,1,0,0,1,4,13871000.0
Kileleshwa,Bungalow,4,4,1822,4,13.8,1,0,0,1,1,25410000.0
Buruburu,Maisonette,4,4,1496,26,6.2,1,0,0,1,2,11109000.0
Roysambu,Apartment,3,2,1046,12,13.4,1,0,0,1,4,6464000.0
Ruaka,Maisonette,3,3,1265,8,15.7,1,1,0,0,3,11082000.0
Lavington,Bungalow,6,6,2734,19,6.2,1,0,0,1,4,54233000.0
Spring Valley,Maisonette,3,3,971,23,5.7,1,1,1,1,4,20139000.0
Ruaka,Townhouse,1,1,671,5,18.7,1,0,0,1,2,5767000.0
Rongai,Bungalow,5,4,1874,25,10.8,1,1,0,1,2,10158000.0
Loresho,Apartment,4,3,1392,20,11.3,1,0,0,0,5,18451000.0
Upperhill,Bungalow,1,1,804,13,4.2,1,1,0,1,1,13582000.0
Thika Road,Maisonette,4,3,1147,9,29.0,1,0,0,0,1,7389000.0
Nyayo Estate,Apartment,2,1,578,23,19.4,1,0,0,0,2,4776000.0
Thika Road,Maisonette,2,2,724,7,16.8,1,0,0,1,2,4705000.0
Roysambu,Townhouse,4,3,1116,28,16.7,0,0,0,1,5,7358000.0
South C,Apartment,3,2,988,7,12.2,1,0,0,0,4,10095000.0
Kileleshwa,Apartment,2,1,626,0,4.2,0,0,0,1,3,10605000.0
Upperhill,Apartment,3,3,992,29,7.5,1,0,0,1,3,15374000.0
Ruaka,Apartment,2,1,1033,20,17.1,1,0,0,0,5,7933000.0
Athi River,Apartment,1,1,545,18,21.7,1,0,0,1,3,2698000.0
South C,Apartment,5,5,1344,22,13.8,1,0,0,1,3,14254000.0
Dagoretti,Apartment,2,1,868,5,9.5,0,0,0,1,2,7501000.0
Nyayo Estate,Townhouse,2,1,701,17,12.9,0,0,0,0,1,5375000.0
Kikuyu,Apartment,3,3,1214,1,27.4,1,0,0,0,1,6742000.0
Kileleshwa,Villa,3,2,1288,7,13.6,1,1,0,1,1,19227000.0
Ruiru,Villa,3,3,1571,28,29.6,0,1,0,0,3,7017000.0
Karen,Apartment,5,4,1631,7,0.5,0,0,0,1,2,40252000.0
Embakasi,Maisonette,2,1,1072,2,25.9,1,1,0,0,4,6583000.0
Nyayo Estate,Townhouse,4,4,1588,22,21.1,1,0,0,0,3,11620000.0
Nyayo Estate,Apartment,3,3,964,16,17.3,1,0,0,1,1,8032000.0
Langata,Bungalow,3,3,1413,16,4.8,1,0,0,1,1,15126000.0
Kitisuru,Apartment,6,6,1820,20,8.4,1,0,1,0,2,38035000.0
Muthaiga,Apartment,3,2,1060,8,7.7,1,0,1,1,5,32478000.0
Loresho,Apartment,2,2,815,23,11.5,0,0,0,1,1,11315000.0
Upperhill,Townhouse,2,2,803,26,12.1,1,0,1,1,1,14491000.0
Kahawa,Apartment,2,1,920,22,29.2,1,0,0,0,5,3959000.0
Ruiru,Apartment,2,1,922,2,35.3,1,0,0,1,3,4698000.0
Spring Valley,Townhouse,1,1,594,7,0.7,1,0,0,1,1,12677000.0
Roysambu,Townhouse,2,2,953,20,17.9,0,0,0,1,3,5461000.0
South C,Villa,4,4,1996,16,5.1,1,1,0,0,3,23008000.0
Runda,Apartment,3,2,1185,22,5.2,1,0,1,0,1,26666000.0
Karen,Apartment,3,2,1082,16,7.5,1,0,0,1,1,25006000.0
Thika Road,Apartment,2,2,950,18,20.2,1,0,0,0,3,5237000.0
Ngong Road,Villa,3,2,1411,15,19.2,0,1,0,1,1,14976000.0
Donholm,Villa,1,1,755,21,12.8,1,1,0,1,2,4869000.0
Thika Road,Apartment,3,3,1053,15,19.7,1,0,0,1,4,7687000.0
Langata,Bungalow,3,3,1459,14,1.0,1,0,0,0,4,16646000.0
Karen,Apartment,2,1,723,25,14.7,1,0,0,1,2,14435000.0
Athi River,Villa,3,3,1817,25,7.0,1,1,0,1,4,9478000.0
Ruiru,Bungalow,3,2,1400,7,31.8,1,0,0,0,5,6416000.0
Embakasi,Apartment,2,2,896,8,21.6,1,0,0,0,3,5416000.0
Dagoretti,Villa,1,1,817,21,16.6,1,0,0,0,5,5443000.0
Spring Valley,Bungalow,3,3,1649,9,6.5,0,0,0,0,5,34587000.0
South C,Maisonette,2,1,1103,7,21.4,1,0,0,1,4,10367000.0
Athi River,Apartment,4,4,1176,1,28.0,1,0,0,1,5,5121000.0
South B,Apartment,5,4,1357,13,10.5,1,0,0,1,3,14715000.0
Muthaiga,Apartment,2,2,854,17,4.6,1,0,0,0,3,16929000.0
Runda,Maisonette,2,1,935,20,5.1,0,1,0,1,1,22713000.0
Lavington,Townhouse,4,3,1285,18,0.8,1,0,1,0,4,28034000.0
Spring Valley,Apartment,2,1,816,27,3.7,1,0,0,0,4,13647000.0
Langata,Townhouse,3,3,1031,20,13.4,1,0,0,0,2,10960000.0
Roysambu,Townhouse,3,3,1330,20,20.0,1,0,0,0,4,8976000.0
Ruaka,Bungalow,5,4,2387,24,13.2,1,0,0,0,3,16014000.0
Roysambu,Maisonette,2,2,1021,17,26.4,1,1,0,1,2,6145000.0
Loresho,Apartment,1,1,596,24,13.4,1,0,0,0,4,8538000.0
Spring Valley,Apartment,2,1,827,9,5.3,1,0,0,1,4,14781000.0
South B,Townhouse,4,3,1105,11,23.0,1,0,0,1,4,11134000.0
Nyayo Estate,Apartment,3,2,1057,16,11.3,1,0,0,1,4,9227000.0
Westlands,Apartment,4,4,1234,7,5.5,1,0,0,0,4,21344000.0
Roysambu,Townhouse,3,2,1216,20,17.2,1,0,0,0,2,7337000.0
Dagoretti,Maisonette,4,3,1264,6,16.2,1,1,0,0,2,11086000.0
Nyayo Estate,Apartment,2,1,847,14,10.8,1,0,0,0,5,8411000.0
Thika Road,Maisonette,4,4,1778,29,20.3,1,1,0,0,5,11123000.0
Ruiru,Apartment,1,1,570,29,23.1,1,0,0,1,4,2823000.0
Athi River,Apartment,2,1,735,19,25.2,1,0,0,0,5,2731000.0
Loresho,Apartment,2,2,809,21,14.6,1,0,0,1,1,12095000.0
Ngong Road,Maisonette,2,2,1283,6,7.2,0,0,0,1,5,15472000.0
Kasarani,Bungalow,4,4,1607,4,20.5,1,1,0,1,2,9500000.0
Umoja,Villa,4,3,2013,28,19.1,1,0,0,0,5,10437000.0
Rongai,Apartment,4,3,1243,23,19.6,0,0,0,1,2,5895000.0
South C,Apartment,3,3,1013,20,10.5,1,0,0,1,1,8544000.0
South B,Apartment,2,1,709,10,14.2,1,0,0,1,5,6821000.0
Spring Valley,Villa,3,2,1269,20,4.1,1,1,0,0,2,23684000.0
Athi River,Townhouse,2,1,756,5,30.1,0,0,0,0,3,3276000.0
Kileleshwa,Apartment,3,2,970,27,16.3,1,0,0,0,5,13642000.0
Kikuyu,Villa,1,1,884,6,19.3,1,1,0,1,1,4914000.0
Nyayo Estate,Apartment,2,2,826,18,18.2,0,0,0,1,2,6728000.0
Upperhill,Apartment,2,1,879,1,7.1,1,0,1,1,3,16468000.0
Westlands,Apartment,4,4,954,0,5.0,1,0,1,1,3,21098000.0
South B,Maisonette,3,3,1163,1,10.5,1,0,0,1,3,14304000.0
Kitisuru,Villa,3,3,1552,2,2.0,1,1,0,1,3,35944000.0
Ruiru,Townhouse,5,4,1622,1,23.9,0,0,0,1,3,8207000.0
Umoja,Townhouse,3,2,1166,6,17.9,1,0,0,1,4,7774000.0
Kileleshwa,Apartment,4,4,1571,6,0.5,1,0,0,1,4,30488000.0
Kasarani,Apartment,3,3,1188,18,28.1,0,0,0,1,2,5842000.0
Upperhill,Maisonette,4,3,1668,20,7.0,1,0,1,1,2,27284000.0
Karen,Villa,4,3,2002,17,7.3,0,1,1,1,3,49447000.0
Ruaka,Townhouse,6,6,2243,2,17.1,1,0,0,0,2,17424000.0
Kikuyu,Apartment,2,2,780,29,19.1,0,0,0,1,2,3660000.0
Spring Valley,Apartment,4,4,1536,2,6.1,0,0,0,0,1,28244000.0
Kileleshwa,Apartment,2,1,621,14,12.1,1,0,0,1,2,7972000.0
Kilimani,Apartment,2,2,1006,12,0.5,0,0,0,0,1,15227000.0
Thika Road,Apartment,3,3,1293,3,19.0,1,0,0,1,5,9050000.0
Kasarani,Villa,3,2,1455,8,31.3,1,1,0,1,4,7501000.0
Kitisuru,Apartment,4,4,1525,7,0.5,1,0,0,1,5,40007000.0
Kasarani,Apartment,3,3,1214,2,27.1,1,0,0,0,2,6713000.0
Nyayo Estate,Bungalow,3,3,1459,0,7.3,1,1,0,1,4,16850000.0
Dagoretti,Apartment,2,2,718,20,15.1,1,0,0,1,5,5065000.0
Donholm,Bungalow,1,1,821,8,14.4,0,0,0,0,1,4825000.0
Ruaka,Apartment,4,4,1444,29,17.8,1,0,0,1,1,10730000.0
Ruaka,Apartment,3,2,952,9,14.5,1,0,0,1,2,7498000.0
Rongai,Maisonette,4,3,1739,23,20.1,1,0,0,1,4,7782000.0
Kitisuru,Townhouse,4,4,1662,9,4.6,1,0,1,1,3,33944000.0
South B,Apartment,5,5,1538,14,12.3,1,0,0,1,1,12429000.0
Kitisuru,Townhouse,1,1,566,4,0.5,1,0,0,0,2,13165000.0
Runda,Apartment,3,3,1060,29,13.9,1,0,0,0,2,22479000.0
Kikuyu,Villa,2,2,1138,6,16.2,1,1,0,0,3,6491000.0
Ruiru,Maisonette,1,1,577,22,24.3,1,1,0,1,2,2655000.0
Kasarani,Apartment,4,4,1255,19,28.6,1,0,0,0,4,6608000.0
Loresho,Apartment,4,3,1264,4,0.6,1,0,0,1,2,18832000.0
Dagoretti,Maisonette,3,2,1148,1,13.8,1,0,0,1,4,10562000.0
Karen,Bungalow,5,4,2434,11,4.3,1,1,0,0,5,56565000.0
Donholm,Apartment,3,3,1203,3,19.3,1,0,0,1,1,9751000.0
Kahawa,Apartment,4,3,1397,23,34.9,1,0,0,1,1,5462000.0
Ngong Road,Apartment,3,2,816,15,13.5,1,0,0,1,2,8037000.0
South B,Townhouse,5,5,1514,15,14.9,1,0,0,0,2,12236000.0
Roysambu,Maisonette,4,4,1344,19,23.3,1,0,0,1,3,8915000.0
Muthaiga,Apartment,2,2,962,18,11.3,1,0,0,0,2,18949000.0
Loresho,Bungalow,2,2,896,14,4.9,1,0,0,1,2,13518000.0
Rongai,Townhouse,3,2,1164,28,24.4,1,0,0,0,4,5891000.0
Umoja,Apartment,3,2,1363,29,21.9,0,0,0,0,2,6276000.0
Nyayo Estate,Apartment,2,2,815,9,13.9,1,0,0,1,5,7380000.0
Embakasi,Villa,3,2,1240,12,28.6,1,0,0,0,1,6840000.0
Spring Valley,Townhouse,3,3,995,12,13.4,1,0,0,0,5,19273000.0
Kikuyu,Villa,2,2,1176,24,18.8,1,0,0,1,4,5792000.0
Kahawa,Villa,2,1,1016,4,29.3,1,1,0,0,5,5112000.0
Karen,Maisonette,3,2,1157,14,6.2,0,1,0,1,3,24385000.0
Upperhill,Apartment,3,3,1073,20,13.3,1,0,0,1,3,16454000.0
Rongai,Townhouse,2,2,803,17,20.4,0,0,0,0,4,4037000.0
Muthaiga,Apartment,3,2,1413,7,17.6,1,0,1,0,3,36362000.0
Rongai,Apartment,4,3,1326,0,23.1,0,0,0,0,1,7723000.0
Loresho,Villa,2,2,1367,21,8.7,1,0,0,0,2,17189000.0
Upperhill,Townhouse,2,2,861,24,6.0,1,0,0,1,2,14216000.0
Umoja,Apartment,3,2,895,11,18.6,1,0,0,0,3,4626000.0
South B,Bungalow,1,1,709,13,17.8,1,1,0,1,4,6760000.0
Ruaka,Townhouse,3,3,969,3,21.0,1,0,0,1,5,8338000.0
Ruaka,Apartment,4,3,1062,14,12.7,1,0,0,1,3,9615000.0
Buruburu,Bungalow,2,1,977,27,19.6,1,0,0,1,2,6782000.0
Buruburu,Apartment,3,3,1203,17,21.4,1,0,0,1,3,8562000.0
Langata,Apartment,2,1,993,14,6.4,0,0,0,0,1,10079000.0
South B,Bungalow,1,1,820,2,16.5,1,0,0,0,2,6805000.0
Muthaiga,Townhouse,3,2,1066,1,0.5,1,0,1,1,5,32519000.0
Karen,Apartment,5,5,1626,5,4.0,0,0,0,1,1,42515000.0
Roysambu,Townhouse,3,3,1272,0,20.5,1,0,0,1,4,8567000.0
Roysambu,Apartment,3,2,915,6,11.8,1,0,0,1,3,6348000.0
Spring Valley,Villa,4,4,1685,25,8.6,0,0,0,1,3,26772000.0
Kasarani,Bungalow,3,2,1563,6,15.8,1,1,0,1,3,8845000.0
Thika Road,Townhouse,1,1,496,4,15.7,1,0,0,1,3,3629000.0
Kikuyu,Apartment,4,3,1279,28,18.8,0,0,0,0,5,5988000.0
Westlands,Apartment,2,2,834,16,11.3,1,0,0,0,4,13195000.0
Westlands,Townhouse,2,1,938,11,4.1,1,0,0,1,3,16205000.0
Spring Valley,Apartment,5,4,1380,18,0.5,1,0,1,0,1,25903000.0
Ruiru,Apartment,4,4,1105,14,21.9,1,0,0,0,1,4716000.0
Rongai,Villa,4,4,1528,23,18.1,0,1,0,1,3,9441000.0
Loresho,Townhouse,2,1,1265,19,15.4,1,0,0,1,2,16927000.0
Langata,Townhouse,3,3,852,25,9.7,1,0,0,0,1,8112000.0
Upperhill,Townhouse,3,2,707,19,5.5,1,0,1,1,2,11466000.0
Langata,Apartment,4,3,1209,4,12.2,1,0,0,1,4,15100000.0
Athi River,Townhouse,2,2,805,26,31.2,1,0,0,1,5,3116000.0
Langata,Maisonette,2,1,965,13,16.0,1,1,0,1,4,8636000.0
Umoja,Apartment,2,2,744,7,22.3,1,0,0,0,4,3906000.0
Ruaka,Bungalow,3,3,1241,12,20.8,1,0,0,1,2,9994000.0
Nyayo Estate,Villa,5,5,2049,2,6.1,1,1,0,1,1,22047000.0
Athi River,Apartment,2,1,838,18,22.7,1,0,0,0,4,3413000.0
Runda,Apartment,3,3,1077,29,9.8,0,0,1,1,3,27287000.0
South C,Apartment,3,2,1135,2,12.3,0,0,0,1,3,12215000.0
Upperhill,Townhouse,6,5,2186,29,5.8,0,0,1,1,3,38522000.0
Spring Valley,Bungalow,3,2,1139,10,4.4,1,0,0,1,1,20380000.0
Loresho,Apartment,3,3,1401,0,4.6,1,0,0,1,1,26276000.0
Nyayo Estate,Maisonette,2,1,778,20,12.9,1,1,0,0,4,7335000.0
South B,Apartment,1,1,641,12,10.4,0,0,0,1,2,6168000.0
Westlands,Townhouse,5,4,1560,16,12.6,1,0,0,0,2,25254000.0
Runda,Townhouse,4,3,1299,27,2.7,1,0,0,1,3,31376000.0
Westlands,Apartment,2,2,774,12,8.9,0,0,1,0,5,14802000.0
Muthaiga,Apartment,3,2,972,28,12.1,1,0,0,1,5,20428000.0
Kahawa,Apartment,1,1,516,9,14.7,1,0,0,1,3,2720000.0
Ngong Road,Townhouse,1,1,541,6,12.2,0,0,0,1,4,6506000.0
Thika Road,Townhouse,1,1,529,0,14.8,0,0,0,0,2,3043000.0
Thika Road,Townhouse,4,3,1432,19,18.0,1,0,0,1,3,9077000.0
South C,Apartment,5,5,1421,9,14.6,1,0,0,1,1,16487000.0
Dagoretti,Apartment,3,2,1158,13,16.1,0,0,0,0,1,7816000.0
Donholm,Villa,5,4,2123,10,12.7,1,1,0,0,4,14473000.0
Nyayo Estate,Apartment,2,2,819,5,12.7,1,0,0,1,3,8868000.0
Ngong Road,Maisonette,1,1,668,8,11.3,1,1,0,1,1,7359000.0
Embakasi,Apartment,6,5,1788,18,24.6,1,0,0,1,2,10285000.0
Westlands,Townhouse,2,1,836,26,9.9,1,0,0,1,1,12908000.0
Loresho,Apartment,1,1,425,6,3.6,1,0,0,0,1,6193000.0
Kileleshwa,Apartment,2,2,601,5,1.8,0,0,0,0,3,9341000.0
Muthaiga,Apartment,4,3,1288,23,6.5,1,0,0,1,3,30562000.0
Kitisuru,Apartment,5,5,1117,20,6.9,1,0,0,1,5,24620000.0
Rongai,Townhouse,4,4,1347,8,22.3,1,0,0,1,2,7958000.0
Rongai,Bungalow,5,5,1891,21,24.7,1,1,0,1,5,13199000.0
Buruburu,Apartment,2,1,701,1,16.7,0,0,0,1,2,6139000.0
Loresho,Bungalow,5,5,2407,9,8.8,1,0,0,1,5,38186000.0
Kilimani,Townhouse,1,1,529,8,3.8,0,0,0,1,2,9031000.0
Runda,Apartment,3,3,1276,29,9.0,1,0,0,0,4,27395000.0
Lavington,Villa,4,4,1648,27,0.5,1,0,1,1,2,33722000.0
Kahawa,Apartment,4,4,1594,16,36.5,1,0,0,1,5,6469000.0
Ruiru,Bungalow,1,1,731,11,33.1,1,1,0,1,2,3038000.0
Runda,Apartment,3,3,1141,11,0.5,0,0,0,1,4,37018000.0
Kitisuru,Bungalow,3,3,1720,5,9.8,0,1,0,0,5,36853000.0
Lavington,Apartment,1,1,623,25,0.5,1,0,0,0,3,10713000.0
Ruiru,Apartment,4,4,1450,9,19.9,0,0,0,1,5,7272000.0
Langata,Villa,2,1,860,29,8.8,1,0,0,1,5,10069000.0
Umoja,Townhouse,4,4,1571,6,28.2,1,0,0,1,2,8640000.0
Langata,Apartment,2,2,683,11,9.2,1,0,0,0,5,8146000.0
Buruburu,Apartment,3,3,1111,17,15.6,1,0,0,1,3,7826000.0
Embakasi,Apartment,2,2,847,18,18.2,1,0,0,0,1,4061000.0
Ruaka,Maisonette,1,1,687,14,17.7,1,0,0,1,3,5648000.0
Ruiru,Bungalow,2,2,1266,3,16.9,1,0,0,0,3,7642000.0
Spring Valley,Apartment,4,4,1361,18,8.2,0,0,0,1,1,20402000.0
Spring Valley,Villa,2,1,882,10,9.6,1,1,1,0,1,17552000.0
Athi River,Apartment,3,3,1251,2,28.1,1,0,0,0,4,5334000.0
Loresho,Apartment,2,2,894,18,9.0,0,0,0,1,5,12174000.0
Thika Road,Apartment,4,3,1173,5,14.6,1,0,0,0,3,7073000.0
Embakasi,Apartment,4,4,1480,2,24.2,1,0,0,1,2,9798000.0
Runda,Apartment,5,5,1472,29,0.5,0,0,0,0,3,28557000.0
Spring Valley,Villa,2,2,1347,24,9.7,1,0,0,1,5,24632000.0
Kasarani,Apartment,2,2,760,16,22.9,1,0,0,0,1,4107000.0
Kilimani,Apartment,3,3,1109,15,6.8,1,0,0,1,4,20837000.0
Roysambu,Townhouse,4,4,1622,12,13.2,1,0,0,1,3,10456000.0
Dagoretti,Bungalow,3,3,1388,13,13.9,1,1,0,1,4,12793000.0
Kahawa,Apartment,2,1,744,3,22.3,1,0,0,1,3,3288000.0
Loresho,Maisonette,4,4,1527,6,11.2,0,1,0,0,3,25466000.0
Thika Road,Apartment,3,3,769,17,20.4,0,0,0,1,5,4542000.0
Nyayo Estate,Apartment,1,1,311,13,8.7,1,0,0,1,5,3736000.0
Lavington,Apartment,5,4,1574,22,15.3,1,0,0,1,1,28890000.0
Ruiru,Apartment,4,4,1321,0,21.4,1,0,0,1,3,6577000.0
Umoja,Apartment,2,1,676,20,19.7,1,0,0,1,1,3158000.0
Kasarani,Apartment,2,2,681,21,19.5,1,0,0,1,2,3587000.0
Westlands,Villa,3,2,1277,0,3.3,1,0,1,0,3,25979000.0
Kahawa,Maisonette,5,5,1399,24,24.7,0,1,0,1,5,7586000.0
South C,Apartment,5,5,1386,12,8.7,1,0,0,1,3,13984000.0
Umoja,Apartment,2,2,719,22,15.2,1,0,0,1,2,4086000.0
Runda,Townhouse,4,4,1491,8,3.1,0,0,0,0,3,31992000.0
Embakasi,Apartment,2,2,846,15,24.7,0,0,0,0,2,4264000.0
Nyayo Estate,Maisonette,3,2,1201,26,10.2,0,0,0,1,1,12071000.0
Langata,Apartment,3,2,1199,24,7.6,0,0,0,1,1,12694000.0
Umoja,Apartment,3,3,1006,15,30.7,1,0,0,1,5,5692000.0
Ruaka,Townhouse,2,2,916,7,15.3,1,0,0,0,5,8582000.0
Rongai,Maisonette,2,2,864,26,21.4,1,1,0,1,5,5195000.0
Upperhill,Apartment,2,1,858,10,9.6,1,0,0,1,5,15132000.0
Spring Valley,Maisonette,3,3,1303,25,2.0,1,1,0,1,1,23306000.0
Thika Road,Villa,2,2,1055,26,27.7,1,1,0,1,1,6084000.0
Kasarani,Maisonette,2,1,943,19,16.1,0,1,0,1,1,5224000.0
Embakasi,Apartment,2,2,839,14,20.9,0,0,0,0,5,4421000.0
South B,Maisonette,3,3,1199,18,14.7,1,1,0,0,1,9971000.0
South C,Townhouse,4,4,1411,6,18.6,1,0,0,1,3,11612000.0
Ruiru,Villa,4,3,1712,20,26.1,1,0,0,1,3,8264000.0
Kileleshwa,Townhouse,3,3,1212,14,1.1,1,0,0,1,4,20961000.0
Umoja,Maisonette,2,2,878,23,20.5,0,1,0,1,1,4884000.0
Kileleshwa,Apartment,2,2,878,27,5.1,0,0,0,1,4,12004000.0
Lavington,Townhouse,2,2,911,2,11.3,1,0,0,1,5,20033000.0
Ruaka,Villa,4,3,1838,8,10.8,1,0,0,1,2,15573000.0
Langata,Townhouse,2,2,845,9,27.2,1,0,0,0,3,8138000.0
Lavington,Maisonette,5,5,2400,15,15.8,1,0,0,1,2,39489000.0
Kahawa,Townhouse,4,3,1533,4,20.8,0,0,0,1,5,8512000.0
Kilimani,Apartment,4,4,934,29,3.3,1,0,0,1,3,15457000.0
Roysambu,Apartment,5,5,1522,0,12.2,1,0,0,1,4,12448000.0
Rongai,Apartment,3,3,1232,2,29.1,1,0,0,1,3,6436000.0
Dagoretti,Bungalow,2,1,977,29,16.7,1,1,0,1,2,6584000.0
Langata,Bungalow,3,2,1403,0,1.6,1,1,0,0,2,15642000.0
Muthaiga,Bungalow,1,1,656,20,8.1,1,1,0,1,1,14700000.0
Westlands,Apartment,3,3,946,4,1.9,1,0,0,1,5,19572000.0
South C,Apartment,1,1,463,25,0.7,0,0,0,1,4,4569000.0
Westlands,Apartment,3,3,1160,29,4.3,1,0,0,1,3,19365000.0
Athi River,Apartment,2,1,930,14,24.9,1,0,0,1,3,4307000.0
Ruaka,Bungalow,1,1,930,18,10.6,0,1,0,1,3,7594000.0
Loresho,Villa,4,4,1630,24,9.6,1,1,0,1,1,24719000.0
Kilimani,Maisonette,2,1,643,19,2.1,0,1,1,0,3,12841000.0
South B,Apartment,4,3,1081,16,26.1,1,0,0,1,2,8173000.0
Ruiru,Maisonette,5,5,1548,22,19.4,1,1,0,1,1,7558000.0
Kahawa,Villa,3,3,2093,2,32.5,1,1,0,1,3,12252000.0
Lavington,Maisonette,5,4,2142,3,7.2,0,1,1,1,4,44853000.0
Loresho,Bungalow,1,1,734,24,16.5,1,1,0,1,5,10737000.0
Kileleshwa,Apartment,4,4,1410,23,7.7,1,0,0,1,4,20745000.0
Donholm,Bungalow,2,1,1138,21,8.0,1,1,0,1,4,8134000.0
Upperhill,Maisonette,3,2,1095,18,15.9,1,0,1,1,3,19402000.0
Ngong Road,Apartment,2,2,906,9,15.4,1,0,0,1,2,9381000.0
Kikuyu,Apartment,3,3,1148,12,18.4,0,0,0,0,1,5743000.0
South B,Maisonette,3,3,1265,19,14.6,1,0,0,0,5,12403000.0
Kasarani,Maisonette,2,1,1160,23,17.4,0,0,0,0,1,5292000.0
Karen,Apartment,6,6,1289,19,3.4,1,0,1,1,4,31366000.0
Kitisuru,Bungalow,4,3,1751,10,8.7,1,0,0,1,1,33669000.0
Embakasi,Apartment,5,5,1778,27,15.9,1,0,0,1,5,11991000.0
Kilimani,Maisonette,2,2,1018,18,1.9,0,1,0,0,2,17503000.0
Rongai,Townhouse,5,4,2013,7,16.9,0,0,0,1,4,12586000.0
Muthaiga,Apartment,3,2,1443,6,2.1,1,0,0,0,2,34389000.0
Kileleshwa,Townhouse,4,4,1775,19,9.6,1,0,0,1,5,32116000.0
Thika Road,Maisonette,3,3,1326,24,28.7,0,0,0,1,4,7914000.0
Kahawa,Apartment,3,3,1035,15,28.2,1,0,0,1,3,4325000.0
South C,Apartment,4,4,1095,21,17.5,1,0,0,1,1,9674000.0
Ruaka,Townhouse,2,1,579,4,19.4,0,0,0,1,5,5172000.0
Lavington,Townhouse,2,1,1049,2,7.1,1,0,0,0,2,19108000.0
Nyayo Estate,Apartment,3,2,742,14,18.8,1,0,0,0,3,6463000.0
Athi River,Apartment,2,1,877,15,23.4,1,0,0,0,1,3190000.0
Thika Road,Villa,3,2,1311,20,24.6,0,1,0,0,1,7106000.0
Kasarani,Villa,2,1,1281,5,20.3,1,0,0,1,3,7412000.0
Kileleshwa,Villa,3,2,1483,21,1.0,1,1,0,1,3,27004000.0
Kilimani,Apartment,3,2,640,10,9.6,1,0,1,0,5,10772000.0
Nyayo Estate,Townhouse,2,2,663,4,8.5,1,0,0,1,3,6428000.0
South C,Townhouse,6,6,1914,11,29.5,1,0,0,0,5,17579000.0
Rongai,Apartment,3,2,884,11,20.6,1,0,0,0,1,4179000.0
Buruburu,Maisonette,3,3,1128,21,15.6,0,0,0,0,3,7420000.0
Kilimani,Apartment,4,4,1161,3,8.8,1,0,1,1,3,25894000.0
Umoja,Apartment,3,3,1062,7,19.1,0,0,0,0,3,5616000.0
Embakasi,Apartment,6,6,1756,10,20.1,1,0,0,1,4,11608000.0
Muthaiga,Apartment,2,1,899,28,3.5,1,0,0,1,1,18676000.0
Westlands,Maisonette,2,1,744,6,9.5,1,0,0,1,5,14872000.0
Embakasi,Maisonette,5,4,1956,6,25.8,1,0,0,1,4,13116000.0
Kileleshwa,Bungalow,1,1,501,11,21.0,1,1,0,0,5,5957000.0
Embakasi,Apartment,3,2,1028,1,25.3,0,0,0,1,2,6255000.0
Umoja,Apartment,2,1,941,25,20.2,0,0,0,1,3,4844000.0
Kilimani,Apartment,1,1,544,23,13.4,0,0,1,1,5,8759000.0
Kileleshwa,Apartment,2,2,1047,8,16.3,1,0,0,1,1,13918000.0
Upperhill,Apartment,1,1,511,28,8.8,1,0,1,1,1,9032000.0
Upperhill,Apartment,2,1,787,15,4.2,1,0,0,1,1,13472000.0
Dagoretti,Townhouse,2,1,915,8,18.1,0,0,0,0,2,7639000.0
Westlands,Apartment,5,5,1501,11,14.1,1,0,1,1,3,28050000.0
Donholm,Maisonette,2,2,824,29,20.3,1,0,0,1,3,5416000.0
Roysambu,Apartment,6,6,2311,1,20.9,0,0,0,1,1,17979000.0
Langata,Villa,4,3,1020,16,17.3,1,1,0,1,3,11412000.0
Runda,Maisonette,4,4,1002,19,1.9,1,0,1,0,2,22358000.0
Lavington,Apartment,2,1,878,21,8.5,1,0,0,1,4,11408000.0
Kileleshwa,Apartment,1,1,473,3,3.5,1,0,0,1,2,7789000.0
Donholm,Apartment,3,2,1173,3,14.8,1,0,0,1,3,10301000.0
Runda,Apartment,2,2,872,1,0.5,1,0,1,0,3,22028000.0
Upperhill,Bungalow,4,4,2265,7,13.5,1,1,0,1,3,40705000.0
Kileleshwa,Townhouse,2,1,794,18,17.1,1,0,0,0,1,8849000.0
Ruiru,Maisonette,2,1,730,19,26.0,0,1,0,0,4,3291000.0
Kitisuru,Apartment,3,2,947,2,5.4,1,0,0,1,4,25158000.0
Dagoretti,Apartment,3,3,1064,28,14.9,0,0,0,0,1,7324000.0
Upperhill,Townhouse,1,1,465,20,9.7,0,0,0,1,2,6084000.0
Nyayo Estate,Apartment,3,3,1317,24,22.2,1,0,0,1,4,11337000.0
Ruaka,Apartment,2,2,848,28,6.8,1,0,0,1,2,6822000.0
Umoja,Maisonette,4,4,1601,27,17.6,1,1,0,1,4,8749000.0
Karen,Apartment,3,3,1171,24,0.5,1,0,0,1,5,28312000.0
South B,Apartment,3,2,1024,14,14.4,0,0,0,1,3,9718000.0
Lavington,Bungalow,4,4,1919,7,9.1,0,0,0,1,5,37096000.0
Dagoretti,Apartment,2,1,772,10,21.8,0,0,0,0,1,5323000.0
Athi River,Villa,3,3,1806,26,24.5,1,0,0,1,2,7197000.0
South C,Apartment,5,5,1180,22,9.5,1,0,0,1,5,11399000.0
Donholm,Apartment,2,1,954,0,17.2,1,0,0,1,1,7298000.0
Nyayo Estate,Apartment,2,1,699,17,18.8,1,0,0,1,1,5252000.0
Lavington,Villa,1,1,933,7,9.0,0,0,1,1,3,20741000.0
Athi River,Apartment,3,3,917,22,38.0,1,0,0,0,3,3075000.0
Kitisuru,Apartment,1,1,660,27,0.5,0,0,0,0,2,10086000.0
Kilimani,Villa,2,1,1101,15,1.9,1,0,1,0,1,17736000.0
Athi River,Apartment,3,3,1009,15,26.0,0,0,0,1,2,4373000.0
Kikuyu,Townhouse,3,3,968,26,25.8,1,0,0,0,3,3720000.0
Nyayo Estate,Apartment,2,2,802,3,10.0,1,0,0,1,2,6177000.0
Runda,Apartment,4,3,1040,9,3.7,0,0,0,0,2,23423000.0
Langata,Apartment,2,1,942,0,15.9,1,0,0,1,3,10713000.0
Ruaka,Apartment,2,1,851,1,11.8,1,0,0,1,5,9236000.0
South B,Bungalow,5,5,2446,16,15.9,1,1,0,1,1,20525000.0
Ruaka,Apartment,3,3,759,12,11.0,1,0,0,1,3,6556000.0
Kitisuru,Maisonette,3,3,1189,6,6.5,1,1,0,0,5,26949000.0
Rongai,Apartment,2,2,825,25,23.4,1,0,0,1,5,3479000.0
Dagoretti,Townhouse,2,1,949,23,16.8,1,0,0,0,4,6682000.0
Kahawa,Apartment,3,2,1030,20,25.9,0,0,0,1,4,4126000.0
Upperhill,Maisonette,2,1,818,3,3.2,1,1,0,1,1,16136000.0
Kasarani,Apartment,3,3,995,19,16.7,1,0,0,1,1,5438000.0
Westlands,Apartment,1,1,434,14,20.4,1,0,0,0,1,6705000.0
Nyayo Estate,Apartment,2,2,740,12,17.1,1,0,0,1,3,7559000.0
Umoja,Maisonette,3,2,1238,9,27.5,1,0,0,0,3,6472000.0
Spring Valley,Apartment,5,4,1556,1,5.8,1,0,0,1,2,26021000.0
Ruaka,Villa,4,3,2300,28,3.3,1,1,0,1,1,20029000.0
Kasarani,Maisonette,2,1,1029,19,24.3,1,1,0,1,1,4876000.0
Loresho,Apartment,3,3,1179,15,9.6,1,0,0,0,1,14896000.0
Upperhill,Apartment,2,1,881,24,11.7,1,0,1,1,1,13141000.0
Kitisuru,Maisonette,2,2,767,8,8.3,1,0,0,0,1,13368000.0
Loresho,Apartment,2,2,771,11,2.6,0,0,0,0,2,9866000.0
Langata,Villa,1,1,796,14,12.8,0,1,0,1,4,7922000.0
Ngong Road,Apartment,2,1,839,23,15.3,1,0,0,1,1,9373000.0
Runda,Bungalow,2,1,1122,7,0.5,1,1,0,1,2,32339000.0
Kitisuru,Apartment,5,5,1543,24,9.3,1,0,1,1,5,42644000.0
Ruaka,Apartment,4,4,943,8,9.9,1,0,0,1,3,8942000.0
Spring Valley,Townhouse,2,2,881,14,2.3,1,0,0,1,5,15979000.0
Nyayo Estate,Apartment,3,2,1021,24,8.2,0,0,0,0,3,7864000.0
Kilimani,Villa,3,2,1953,23,11.1,1,0,1,0,5,33273000.0
Loresho,Apartment,2,2,1053,13,7.4,1,0,0,1,1,15627000.0
Muthaiga,Apartment,2,2,807,9,19.3,0,0,1,0,1,17457000.0
Spring Valley,Maisonette,4,3,1637,24,6.0,1,1,1,1,1,30010000.0
South B,Apartment,3,3,1090,19,7.9,1,0,0,1,1,8705000.0
Umoja,Townhouse,4,3,1547,23,23.0,1,0,0,1,3,7346000.0
Athi River,Bungalow,3,3,1486,14,25.4,0,1,0,1,1,6279000.0
Kikuyu,Apartment,5,4,1683,16,26.0,1,0,0,1,1,9233000.0
South B,Apartment,1,1,450,24,10.7,1,0,0,1,3,4236000.0
Ruaka,Maisonette,3,3,1306,18,19.6,1,1,0,1,1,9337000.0
Kikuyu,Apartment,3,2,1037,23,15.4,1,0,0,0,4,5859000.0
Ngong Road,Bungalow,3,2,1479,12,18.5,1,1,0,1,4,17110000.0
Westlands,Apartment,2,1,929,27,7.9,1,0,0,1,5,13437000.0
Muthaiga,Apartment,2,2,1072,13,3.2,1,0,0,1,1,25923000.0
Kikuyu,Villa,3,3,1171,3,28.7,1,1,0,0,3,7033000.0
South B,Apartment,3,2,1294,18,12.8,1,0,0,1,2,12225000.0
South C,Bungalow,3,3,1342,23,17.3,1,1,0,1,3,14653000.0
Lavington,Apartment,3,3,1124,2,5.9,1,0,0,0,3,24906000.0
Westlands,Apartment,3,3,830,4,0.5,1,0,0,1,3,16513000.0
Spring Valley,Apartment,5,5,1316,28,10.2,1,0,0,1,3,21592000.0
Karen,Apartment,4,4,1018,17,4.3,1,0,0,1,1,19020000.0
Embakasi,Maisonette,3,3,1067,9,31.2,1,1,0,0,1,4868000.0
Kilimani,Apartment,3,2,1150,20,2.1,1,0,0,1,3,19685000.0
Rongai,Apartment,3,3,958,23,25.8,0,0,0,0,3,4248000.0
Kikuyu,Townhouse,3,3,1237,1,26.6,0,0,0,1,3,6659000.0
Upperhill,Apartment,1,1,681,9,4.0,1,0,0,1,3,11878000.0
Donholm,Townhouse,1,1,568,9,18.2,1,0,0,0,2,3045000.0
Runda,Apartment,3,2,1110,13,8.4,1,0,0,1,3,30367000.0
Athi River,Townhouse,6,6,1978,3,21.2,0,0,0,0,1,9392000.0
Dagoretti,Maisonette,3,2,1168,11,20.5,1,1,0,0,2,8720000.0
Dagoretti,Villa,3,2,1428,15,19.1,1,0,0,1,1,10701000.0
Ruiru,Townhouse,3,3,972,16,18.6,1,0,0,1,1,4819000.0
Kahawa,Apartment,2,1,754,18,28.7,1,0,0,1,3,2998000.0
Runda,Apartment,3,2,985,23,0.7,0,0,0,1,4,24272000.0
Umoja,Apartment,5,5,1695,15,23.2,0,0,0,0,4,10183000.0
Lavington,Apartment,1,1,530,7,0.5,1,0,1,1,1,12394000.0
Ruiru,Apartment,2,2,818,11,22.8,1,0,0,1,2,3885000.0
Karen,Apartment,3,3,918,23,8.0,1,0,0,0,1,17590000.0
Kasarani,Villa,3,3,1479,7,23.5,0,1,0,1,2,7546000.0
Westlands,Maisonette,4,4,1545,11,5.8,1,0,0,0,5,28919000.0
Kilimani,Apartment,2,1,851,16,0.5,0,0,0,0,3,13091000.0
Langata,Townhouse,3,2,1103,29,19.5,1,0,0,1,3,9631000.0
Kitisuru,Townhouse,3,3,1059,28,2.7,1,0,1,1,1,22068000.0
Westlands,Apartment,1,1,589,5,3.3,1,0,1,0,5,12059000.0
Ngong Road,Villa,1,1,787,3,9.5,1,0,0,0,3,8853000.0
Buruburu,Apartment,2,2,766,5,13.5,0,0,0,0,4,5701000.0
Ruiru,Apartment,2,1,792,21,22.1,0,0,0,0,4,3804000.0
Lavington,Bungalow,2,2,895,15,9.5,0,1,0,1,5,16502000.0
Kikuyu,Apartment,2,1,674,4,25.3,1,0,0,0,5,3998000.0
Westlands,Apartment,3,3,1283,27,7.7,1,0,0,1,3,21555000.0
Kitisuru,Apartment,1,1,606,13,0.5,0,0,0,1,2,13383000.0
Roysambu,Maisonette,3,2,1124,0,9.7,1,1,0,1,5,9107000.0
Kileleshwa,Apartment,4,4,1147,21,3.3,1,0,0,0,2,17642000.0
Nyayo Estate,Apartment,3,2,1174,3,16.3,1,0,0,1,4,10689000.0
Lavington,Apartment,3,2,1105,26,11.1,1,0,1,0,2,18256000.0
Karen,Apartment,4,4,1541,0,3.4,1,0,1,1,1,41493000.0
Westlands,Apartment,3,3,1106,14,9.9,1,0,1,0,3,20417000.0
Rongai,Apartment,4,4,1008,13,23.2,1,0,0,1,5,6040000.0
Westlands,Townhouse,5,5,1445,29,3.0,1,0,1,1,3,30700000.0
Dagoretti,Apartment,4,3,1334,16,12.8,0,0,0,1,2,9186000.0
Kitisuru,Townhouse,3,3,1096,29,5.1,1,0,0,1,1,22515000.0
Westlands,Maisonette,2,1,1133,0,19.3,1,1,0,1,5,17055000.0
Kilimani,Apartment,3,2,928,1,8.0,1,0,0,0,1,15279000.0
Athi River,Apartment,5,4,2043,17,36.0,1,0,0,0,3,7523000.0
Ngong Road,Maisonette,3,2,1157,22,3.8,1,1,0,1,3,15045000.0
Kikuyu,Apartment,3,3,1223,25,25.1,1,0,0,1,4,5933000.0
Thika Road,Apartment,2,2,657,4,15.8,1,0,0,1,2,4470000.0
Upperhill,Apartment,2,1,901,0,9.4,1,0,0,1,3,17428000.0
Runda,Apartment,6,5,1890,25,0.5,1,0,0,1,4,50964000.0
Athi River,Apartment,5,5,1600,15,24.9,1,0,0,1,5,7260000.0
Donholm,Apartment,3,3,1223,13,12.8,1,0,0,1,2,9601000.0
Kitisuru,Apartment,4,4,1008,4,10.2,1,0,1,1,1,24499000.0
Thika Road,Apartment,3,3,1208,4,25.8,0,0,0,0,3,6895000.0
Loresho,Bungalow,3,2,1526,6,12.5,1,0,0,1,3,21298000.0
Westlands,Apartment,3,2,1274,5,5.9,1,0,1,1,4,27487000.0
Muthaiga,Maisonette,3,3,1121,8,6.1,0,1,0,1,4,27370000.0
Spring Valley,Apartment,3,2,883,6,16.2,1,0,0,1,3,14811000.0
Ngong Road,Apartment,2,2,1042,27,5.6,1,0,0,0,5,10687000.0
Athi River,Apartment,3,2,1056,0,24.2,1,0,0,1,3,4670000.0
Kitisuru,Maisonette,4,4,1580,3,0.5,1,1,1,0,5,41320000.0
Upperhill,Bungalow,4,3,1721,29,7.8,1,0,0,1,1,26049000.0
Kikuyu,Apartment,5,5,1704,9,21.8,1,0,0,0,4,9732000.0
Umoja,Apartment,3,2,1002,1,15.5,0,0,0,0,3,5676000.0
Thika Road,Villa,2,2,1113,17,19.9,0,1,0,0,2,6854000.0
Upperhill,Bungalow,2,2,1422,14,1.7,0,1,0,1,2,24359000.0
Kikuyu,Bungalow,1,1,876,18,21.1,1,0,0,1,1,4632000.0
Thika Road,Townhouse,2,2,729,5,19.2,1,0,0,0,1,4732000.0
Donholm,Apartment,1,1,669,24,18.3,1,0,0,1,1,4897000.0
South C,Townhouse,3,2,988,21,9.5,0,0,0,1,2,8270000.0
Athi River,Apartment,2,2,668,18,26.3,1,0,0,1,2,2749000.0
Lavington,Apartment,6,5,2502,23,3.8,0,0,1,1,4,51773000.0
Dagoretti,Apartment,4,3,1476,15,28.5,1,0,0,0,2,10974000.0
Kitisuru,Maisonette,3,2,1110,14,0.5,1,0,0,1,3,27130000.0
Umoja,Apartment,3,3,1101,25,18.0,1,0,0,0,1,5493000.0
Ruaka,Apartment,2,1,869,17,22.1,1,0,0,0,4,6424000.0
Roysambu,Apartment,5,5,1597,21,15.0,1,0,0,1,3,9531000.0
Westlands,Villa,4,4,2034,22,7.2,1,1,1,1,3,39749000.0
Embakasi,Villa,4,3,1590,16,17.6,1,0,0,1,2,10636000.0
Kikuyu,Apartment,2,2,872,27,24.3,1,0,0,0,5,4729000.0
Umoja,Apartment,2,2,800,7,23.5,1,0,0,0,4,4769000.0
Ruiru,Apartment,2,1,921,10,19.8,0,0,0,1,1,3850000.0
Kilimani,Apartment,2,1,830,15,1.6,1,0,0,1,1,14732000.0
Kitisuru,Apartment,4,3,1249,20,12.0,1,0,0,1,4,25693000.0
Rongai,Apartment,3,2,992,5,28.4,1,0,0,1,2,6505000.0
South C,Apartment,3,2,1248,23,5.2,0,0,0,1,4,12156000.0
Embakasi,Apartment,2,2,832,12,22.9,1,0,0,0,3,5790000.0
Athi River,Townhouse,4,4,1337,11,28.8,1,0,0,0,4,5212000.0
Kitisuru,Maisonette,2,1,969,22,9.6,0,1,0,1,4,19408000.0
Kahawa,Apartment,1,1,524,12,37.5,1,0,0,0,1,2048000.0
Kitisuru,Apartment,3,3,1171,18,8.5,1,0,0,0,3,26510000.0
Nyayo Estate,Apartment,3,3,996,13,14.0,1,0,0,1,2,10423000.0
Runda,Bungalow,2,1,1192,6,5.5,1,0,0,0,4,27968000.0
Donholm,Bungalow,2,1,1375,15,12.2,0,0,0,1,1,8743000.0
Kahawa,Maisonette,1,1,779,0,27.5,1,0,0,1,5,4319000.0
Runda,Maisonette,5,4,1917,6,2.3,1,1,0,0,2,44797000.0
Kahawa,Villa,2,1,1380,11,24.4,1,1,0,0,5,6488000.0
Donholm,Maisonette,3,3,841,14,16.0,1,0,0,0,1,6116000.0
Upperhill,Apartment,1,1,585,5,9.2,1,0,0,1,5,9689000.0
Embakasi,Apartment,4,4,1703,5,27.0,1,0,0,1,2,10709000.0
Spring Valley,Bungalow,3,2,1552,9,11.0,1,1,0,0,4,28950000.0
Muthaiga,Apartment,1,1,605,27,9.4,0,0,0,1,4,11154000.0
Kitisuru,Apartment,6,5,1578,9,3.9,1,0,0,0,2,33627000.0
Kitisuru,Maisonette,5,4,1786,27,0.9,1,1,0,1,5,40257000.0
Lavington,Apartment,3,3,1195,2,23.0,1,0,0,1,4,24016000.0
South B,Apartment,3,3,1091,19,16.3,1,0,0,1,1,9231000.0
Loresho,Townhouse,1,1,734,20,4.5,1,0,0,1,4,10251000.0
South C,Maisonette,3,3,1153,29,12.6,1,1,0,1,1,10527000.0
Langata,Maisonette,2,1,808,24,10.1,1,0,0,1,1,9270000.0
Ngong Road,Apartment,3,2,1084,15,18.2,1,0,0,1,4,12067000.0
Athi River,Apartment,2,2,987,19,27.4,1,0,0,1,5,4546000.0
Thika Road,Apartment,2,1,660,11,20.5,1,0,0,1,2,4572000.0
Donholm,Townhouse,4,4,1727,12,8.6,1,0,0,1,5,13367000.0
Ruaka,Maisonette,3,3,1159,26,15.1,0,0,0,1,5,8801000.0
Embakasi,Apartment,3,2,1058,16,24.9,1,0,0,1,3,5938000.0
Muthaiga,Apartment,2,2,696,1,0.5,0,0,0,1,5,16911000.0
Kilimani,Villa,3,2,1571,22,5.3,1,1,0,0,2,24849000.0
Kileleshwa,Apartment,2,1,737,2,9.4,1,0,0,1,3,12159000.0
South C,Apartment,2,1,890,18,6.5,1,0,0,0,2,7275000.0
Ngong Road,Apartment,2,1,909,19,13.6,1,0,0,0,4,9125000.0
Umoja,Apartment,2,1,1131,20,13.9,0,0,0,1,2,6678000.0
Nyayo Estate,Townhouse,3,3,1369,0,18.4,1,0,0,1,5,14171000.0
Runda,Villa,4,3,1966,3,11.7,1,1,0,1,4,59244000.0
Kikuyu,Townhouse,4,4,1670,5,19.8,1,0,0,1,5,10891000.0
Nyayo Estate,Apartment,3,3,1221,14,11.5,0,0,0,0,3,11026000.0
Kilimani,Apartment,4,4,1842,18,3.7,1,0,0,1,4,29903000.0
Loresho,Apartment,3,3,989,11,9.1,1,0,0,1,2,15254000.0
Upperhill,Villa,2,2,1362,12,11.7,1,0,0,0,5,18591000.0
South B,Apartment,4,3,1742,28,10.5,1,0,0,1,4,16468000.0
Langata,Apartment,4,4,1447,4,12.2,1,0,0,1,2,17447000.0
Loresho,Apartment,2,2,853,27,10.1,1,0,0,0,4,10630000.0
Roysambu,Bungalow,4,3,1823,18,7.5,1,1,0,0,2,12173000.0
Muthaiga,Apartment,4,4,1458,6,10.3,1,0,0,1,5,40258000.0
Athi River,Apartment,5,4,1264,21,32.0,1,0,0,1,3,5369000.0
Westlands,Townhouse,3,2,1404,16,11.9,0,0,0,1,3,23321000.0
Runda,Bungalow,2,2,1136,26,13.0,1,1,0,1,1,26804000.0
Rongai,Villa,3,2,1370,26,25.2,1,1,0,1,5,8152000.0
Kasarani,Apartment,4,3,1434,1,24.5,1,0,0,0,4,7731000.0
Muthaiga,Apartment,2,2,781,20,0.5,0,0,0,0,5,15579000.0
Roysambu,Apartment,4,4,1184,27,19.6,1,0,0,1,1,6317000.0
Dagoretti,Townhouse,4,4,1405,16,11.2,1,0,0,0,3,10915000.0
Muthaiga,Apartment,1,1,657,14,4.0,1,0,0,1,2,15901000.0
Lavington,Apartment,4,3,1214,15,8.2,1,0,0,1,3,25991000.0
Dagoretti,Apartment,2,2,1141,9,11.4,1,0,0,1,1,9920000.0
Runda,Apartment,3,3,1085,10,0.5,0,0,0,1,3,30247000.0
Kitisuru,Apartment,3,2,1198,28,3.2,1,0,0,1,3,23019000.0
Roysambu,Apartment,2,2,873,14,6.0,1,0,0,1,1,5269000.0
South B,Apartment,2,2,659,13,7.0,1,0,0,1,2,6656000.0
Langata,Maisonette,2,1,1190,19,17.3,0,1,0,0,1,12607000.0
Nyayo Estate,Bungalow,3,3,998,10,15.9,0,0,0,1,4,9099000.0
South B,Apartment,3,2,1468,18,13.5,1,0,0,0,5,13152000.0
Kileleshwa,Villa,3,3,1377,10,13.0,1,0,0,1,4,20859000.0
Westlands,Bungalow,2,2,1397,16,12.1,1,1,0,1,3,22967000.0
Langata,Apartment,3,3,1119,2,8.1,1,0,0,0,3,11663000.0
Donholm,Apartment,4,4,1159,2,15.6,1,0,0,1,1,8333000.0
Ruiru,Apartment,3,3,857,1,21.0,0,0,0,0,4,4170000.0
Buruburu,Apartment,1,1,603,2,13.7,1,0,0,1,1,5004000.0
Langata,Apartment,3,3,942,15,11.3,1,0,0,0,4,10391000.0
Athi River,Villa,3,2,1458,24,43.2,1,1,0,0,2,5177000.0
Upperhill,Apartment,2,2,1106,5,2.9,1,0,0,1,2,16475000.0
Spring Valley,Apartment,4,3,1333,1,0.5,0,0,1,0,2,29678000.0
Ruiru,Apartment,3,3,1003,18,35.2,1,0,0,1,2,4208000.0
Embakasi,Bungalow,3,3,931,25,24.4,1,1,0,1,5,5557000.0
Buruburu,Apartment,2,2,741,15,28.2,1,0,0,0,3,4528000.0
Langata,Apartment,4,4,852,24,8.9,0,0,0,0,2,8619000.0
Ruaka,Bungalow,3,2,1639,21,12.9,1,1,0,1,4,12096000.0
Umoja,Apartment,5,5,1601,0,12.7,1,0,0,1,5,10641000.0
Thika Road,Maisonette,2,2,784,25,28.5,0,1,0,0,5,4453000.0
Embakasi,Apartment,2,1,658,2,9.6,1,0,0,1,4,4599000.0
Roysambu,Maisonette,2,2,922,16,19.0,1,0,0,1,4,6131000.0
Athi River,Apartment,3,2,907,27,23.2,1,0,0,1,3,3639000.0
Roysambu,Maisonette,3,2,1032,4,26.0,1,0,0,1,5,6538000.0
Roysambu,Maisonette,1,1,791,15,31.3,1,1,0,0,4,4906000.0
Rongai,Villa,3,3,1551,2,20.9,0,1,0,1,2,8916000.0
Muthaiga,Maisonette,4,3,1685,6,7.1,1,0,0,0,1,39023000.0
Lavington,Maisonette,4,4,1725,15,9.2,1,0,0,0,2,32624000.0
Thika Road,Apartment,4,4,1331,2,19.9,0,0,0,1,1,8714000.0
Muthaiga,Maisonette,2,2,909,19,8.3,1,1,0,1,4,22429000.0
Thika Road,Maisonette,4,4,1944,22,15.8,0,1,0,0,2,13134000.0
Westlands,Townhouse,2,2,904,20,8.5,1,0,1,0,1,14728000.0
Westlands,Maisonette,2,1,507,22,4.9,1,0,1,1,1,10051000.0
Roysambu,Bungalow,3,2,2148,20,19.6,1,1,0,0,3,12215000.0
Kahawa,Villa,3,3,1670,14,23.4,1,0,0,1,5,8296000.0
Embakasi,Apartment,5,5,1538,19,20.7,1,0,0,0,2,9017000.0
Athi River,Apartment,3,2,919,14,25.1,0,0,0,1,2,3915000.0
Athi River,Maisonette,3,3,1073,3,20.8,1,1,0,1,1,4713000.0
Buruburu,Apartment,4,3,1350,12,10.9,0,0,0,1,1,10011000.0
Langata,Apartment,3,2,857,21,5.3,1,0,0,0,3,8242000.0
Donholm,Maisonette,5,4,1500,11,22.3,1,0,0,1,5,12254000.0
Kikuyu,Townhouse,1,1,544,12,20.5,1,0,0,0,3,2943000.0
Kileleshwa,Apartment,4,4,1438,8,12.7,1,0,0,1,4,26685000.0
Ruiru,Townhouse,3,3,1052,20,27.8,1,0,0,0,1,4578000.0
Kahawa,Apartment,4,4,1247,12,23.1,1,0,0,0,2,5356000.0
Spring Valley,Townhouse,3,3,1057,12,2.2,1,0,0,0,5,18979000.0
Kasarani,Townhouse,2,2,1050,29,23.3,1,0,0,1,4,5081000.0
Muthaiga,Maisonette,2,1,1160,6,12.4,1,0,0,1,3,25042000.0
Westlands,Apartment,3,3,1107,28,0.5,0,0,1,0,5,22243000.0
Donholm,Maisonette,4,3,1773,21,18.8,0,1,0,0,2,9792000.0
Nyayo Estate,Townhouse,4,3,1595,1,9.0,0,0,0,0,3,17633000.0
Kilimani,Villa,5,5,1892,5,5.9,0,1,1,1,1,37771000.0
Upperhill,Apartment,2,1,733,8,13.4,1,0,0,1,2,12336000.0
Kikuyu,Apartment,3,2,932,18,22.3,1,0,0,0,2,4181000.0
Ruaka,Villa,3,3,1236,20,27.0,1,0,0,0,5,9049000.0
Loresho,Apartment,3,2,1031,23,18.5,1,0,0,1,2,14114000.0
Ngong Road,Apartment,3,3,1002,1,17.3,0,0,0,1,1,12094000.0
Roysambu,Villa,4,3,2040,28,20.9,1,1,0,1,1,12454000.0
Runda,Villa,3,2,1686,8,14.9,1,0,1,0,2,35533000.0
Kitisuru,Apartment,1,1,489,27,0.5,0,0,0,0,3,9161000.0
Lavington,Apartment,2,1,731,23,9.6,1,0,0,1,1,11299000.0
Athi River,Apartment,4,3,1319,18,34.8,1,0,0,1,2,4475000.0
Roysambu,Bungalow,5,5,2329,11,12.7,1,1,0,1,1,16690000.0
Spring Valley,Apartment,5,5,1697,13,18.8,1,0,0,0,1,27678000.0
Lavington,Apartment,5,5,1566,1,3.2,1,0,0,1,3,40534000.0
Langata,Apartment,3,2,1199,24,9.2,1,0,0,1,5,13368000.0
Langata,Townhouse,3,2,1065,29,11.1,1,0,0,0,4,10796000.0
Ngong Road,Maisonette,4,4,1572,2,2.3,1,0,0,1,3,18099000.0
Umoja,Villa,3,2,1623,26,16.0,1,1,0,1,4,8124000.0
Ruiru,Apartment,2,2,994,8,14.1,1,0,0,1,5,5051000.0
Embakasi,Villa,3,2,1355,23,6.2,1,0,0,0,3,8255000.0
South C,Apartment,3,3,1363,7,9.3,0,0,0,1,2,14523000.0
Kasarani,Maisonette,5,5,1615,26,27.2,1,1,0,1,5,9541000.0
Westlands,Apartment,3,3,1294,28,16.3,1,0,0,1,1,18753000.0
Ruaka,Apartment,1,1,544,5,11.6,1,0,0,0,1,4689000.0
Rongai,Apartment,3,2,1428,15,25.8,1,0,0,0,5,7561000.0
Rongai,Apartment,1,1,511,20,30.0,1,0,0,1,5,2914000.0
Kilimani,Villa,3,3,1798,7,16.9,1,1,1,1,3,32799000.0
Westlands,Maisonette,5,5,1781,26,7.4,0,0,1,0,5,35497000.0
Karen,Bungalow,6,6,2110,28,9.5,1,1,1,1,2,54923000.0
Westlands,Maisonette,1,1,787,19,10.2,1,0,0,1,2,14615000.0
South C,Apartment,2,2,904,20,8.4,1,0,0,1,5,10188000.0
Ruaka,Apartment,3,2,1183,4,18.4,1,0,0,1,4,9884000.0
Kitisuru,Apartment,1,1,664,11,3.8,1,0,0,0,2,13023000.0
Karen,Maisonette,4,4,1598,6,5.4,1,1,1,0,5,35647000.0
Upperhill,Apartment,3,3,945,24,7.3,1,0,0,0,2,12497000.0
Nyayo Estate,Maisonette,2,2,1122,2,14.0,1,1,0,0,3,11816000.0
Spring Valley,Villa,2,2,989,26,13.2,1,0,0,1,1,15229000.0
Rongai,Apartment,4,3,1412,23,18.2,1,0,0,1,3,7650000.0
Athi River,Apartment,5,5,1818,3,22.8,1,0,0,1,4,8117000.0
Buruburu,Bungalow,3,2,1315,28,22.3,1,1,0,1,5,9817000.0
Nyayo Estate,Townhouse,2,2,799,24,7.6,1,0,0,1,1,7787000.0
Ruiru,Villa,2,1,1098,28,24.1,1,1,0,1,3,5102000.0
Karen,Apartment,5,4,1825,12,15.4,1,0,1,0,1,40116000.0
South C,Apartment,3,3,1104,24,16.9,0,0,0,1,1,8772000.0
Kilimani,Townhouse,4,3,1575,19,0.5,1,0,0,1,3,26577000.0
Lavington,Apartment,3,3,1197,25,16.4,1,0,0,0,5,17124000.0
Karen,Villa,2,2,1136,27,11.3,1,0,0,0,1,19244000.0
South B,Maisonette,3,2,1017,26,6.3,1,1,0,1,4,9554000.0
Donholm,Maisonette,2,1,1096,5,21.0,1,1,0,1,4,7868000.0
Nyayo Estate,Maisonette,5,5,1819,20,11.3,1,1,0,0,1,15101000.0
Embakasi,Apartment,3,3,1074,26,24.5,0,0,0,1,1,5204000.0
Roysambu,Apartment,2,2,792,5,12.0,0,0,0,1,5,5569000.0
Kasarani,Villa,2,1,1029,19,23.8,0,0,0,1,2,5695000.0
Loresho,Apartment,2,2,969,5,9.1,1,0,0,1,1,12778000.0
Dagoretti,Apartment,3,2,1143,12,17.4,1,0,0,1,2,9313000.0
Lavington,Apartment,4,4,1761,21,7.4,1,0,0,1,4,31517000.0
Kitisuru,Bungalow,4,4,2245,16,15.1,0,1,0,1,2,56019000.0
Upperhill,Maisonette,3,2,986,12,6.8,1,0,0,1,4,17696000.0
Kasarani,Apartment,2,2,867,13,20.0,1,0,0,0,4,4386000.0
Kasarani,Maisonette,2,1,1240,1,21.3,1,1,0,1,5,8134000.0
Langata,Apartment,5,5,1855,29,20.0,1,0,0,1,3,19758000.0
Ngong Road,Bungalow,3,2,1391,12,16.7,1,1,0,0,5,17183000.0
Nyayo Estate,Apartment,4,3,1666,24,20.7,1,0,0,1,1,14468000.0
Ngong Road,Townhouse,1,1,560,11,4.4,1,0,0,0,4,6531000.0
South B,Apartment,2,1,1025,11,9.0,1,0,0,0,4,8616000.0
Donholm,Apartment,3,2,1201,1,17.9,1,0,0,0,5,9370000.0
Embakasi,Apartment,5,5,1896,1,27.9,1,0,0,1,1,13254000.0
South B,Bungalow,2,2,1095,14,16.3,1,0,0,0,3,9596000.0
Langata,Apartment,1,1,709,10,17.1,1,0,0,0,3,7081000.0
Umoja,Apartment,3,3,1181,29,24.7,1,0,0,0,5,6080000.0
Muthaiga,Villa,3,3,1510,10,0.5,1,0,1,1,1,44736000.0
Runda,Apartment,3,3,996,6,7.0,1,0,0,1,5,29251000.0
Ngong Road,Apartment,2,2,789,19,13.0,0,0,0,0,5,8190000.0
Kikuyu,Apartment,3,2,880,1,18.9,1,0,0,1,4,5150000.0
Upperhill,Apartment,4,3,1334,21,7.1,1,0,1,0,5,22527000.0
Langata,Apartment,5,4,1545,29,10.6,0,0,0,1,3,16545000.0
Dagoretti,Apartment,5,5,1618,21,14.8,1,0,0,0,4,13181000.0
Donholm,Villa,1,1,848,23,14.3,0,1,0,1,4,5503000.0
Umoja,Maisonette,2,1,1003,23,15.8,1,0,0,1,1,4871000.0
Donholm,Maisonette,3,2,1270,13,25.4,0,1,0,1,5,9326000.0
Kilimani,Apartment,2,2,878,26,9.5,0,0,1,1,4,15577000.0
Runda,Maisonette,1,1,624,17,1.0,1,1,1,1,3,17415000.0
Nyayo Estate,Apartment,4,3,1565,10,15.9,1,0,0,0,4,15822000.0
Dagoretti,Apartment,1,1,540,25,13.6,0,0,0,1,1,3995000.0
Langata,Townhouse,3,3,1167,16,13.2,1,0,0,1,3,13865000.0
Kahawa,Maisonette,3,2,1171,6,22.6,0,0,0,1,5,5739000.0
Donholm,Maisonette,4,3,1223,20,22.1,1,1,0,1,5,9641000.0
Kasarani,Villa,2,2,1235,1,13.3,0,1,0,0,4,7532000.0
Runda,Apartment,4,4,1313,12,14.1,1,0,1,1,2,31599000.0
Lavington,Bungalow,5,5,2070,8,0.5,1,1,0,1,2,42970000.0
Ngong Road,Bungalow,3,2,1531,28,9.9,1,1,0,1,2,16047000.0
Westlands,Apartment,3,3,1057,26,17.2,0,0,0,0,3,14151000.0
Ruiru,Bungalow,3,3,1471,10,24.8,0,1,0,1,5,8660000.0
Embakasi,Apartment,2,1,848,18,21.8,0,0,0,1,1,4880000.0
Loresho,Apartment,4,4,1325,22,7.7,0,0,0,1,4,16811000.0
Kikuyu,Apartment,2,2,932,7,21.1,1,0,0,0,5,4456000.0
Muthaiga,Bungalow,1,1,1121,2,9.8,1,1,0,0,4,27380000.0
Upperhill,Maisonette,2,2,1079,12,14.5,1,1,0,1,2,18769000.0
Westlands,Apartment,2,2,935,10,12.7,1,0,0,1,2,13351000.0
Buruburu,Maisonette,2,2,970,3,11.1,0,0,0,0,2,7004000.0
Embakasi,Apartment,2,1,1116,0,19.6,1,0,0,0,4,7029000.0
Roysambu,Apartment,2,1,810,3,22.1,1,0,0,0,4,5535000.0
South B,Apartment,5,4,1987,18,13.9,1,0,0,0,4,16002000.0
South C,Villa,5,5,1899,29,17.7,1,1,0,1,5,18745000.0
Nyayo Estate,Maisonette,3,3,1316,3,14.7,1,1,0,1,2,15893000.0
Kileleshwa,Apartment,3,3,1159,11,9.2,1,0,0,1,3,15391000.0
Kahawa,Townhouse,2,1,801,3,21.8,0,0,0,1,1,3656000.0
Spring Valley,Apartment,2,2,860,27,7.8,1,0,1,0,1,13944000.0
Roysambu,Villa,3,3,1030,6,18.8,1,1,0,1,2,8765000.0
Ruaka,Apartment,2,2,965,18,16.0,1,0,0,1,5,8652000.0
Thika Road,Apartment,3,3,1096,2,12.1,1,0,0,0,3,8714000.0
South B,Apartment,1,1,650,13,19.4,0,0,0,1,4,6031000.0
Upperhill,Townhouse,4,4,1397,25,6.3,1,0,0,0,5,21232000.0
Upperhill,Apartment,3,3,851,10,10.2,1,0,1,0,3,15766000.0
Karen,Bungalow,5,5,2235,11,10.4,1,1,0,0,3,56894000.0
Upperhill,Apartment,5,4,1647,5,14.4,1,0,0,1,2,29355000.0
Lavington,Villa,2,2,1315,29,18.7,1,0,1,1,4,21451000.0
Dagoretti,Apartment,3,3,1351,5,17.8,1,0,0,1,2,10210000.0
Loresho,Apartment,5,5,1580,12,4.6,1,0,0,1,2,24063000.0
South B,Bungalow,2,2,1260,27,4.2,1,1,0,1,5,14579000.0
Loresho,Villa,3,3,1629,20,9.5,1,1,0,0,2,23609000.0
Kahawa,Apartment,2,1,788,24,20.1,1,0,0,1,4,3583000.0
Kitisuru,Bungalow,3,2,1390,10,9.0,1,1,0,1,2,30618000.0
Buruburu,Apartment,6,6,2209,24,21.1,1,0,0,1,3,15079000.0
Loresho,Villa,4,3,2037,6,6.8,1,1,0,0,5,34148000.0
Dagoretti,Bungalow,6,6,2676,6,24.1,1,1,0,0,5,25964000.0
Athi River,Apartment,3,2,999,9,25.2,0,0,0,1,2,4390000.0
Langata,Apartment,1,1,500,12,12.0,0,0,0,0,4,5336000.0
Kilimani,Maisonette,2,2,995,15,13.9,1,1,1,0,2,16803000.0
Rongai,Townhouse,3,2,1159,0,17.8,1,0,0,0,1,6479000.0
Ngong Road,Apartment,2,2,903,8,6.4,1,0,0,1,1,11508000.0
South B,Maisonette,2,2,797,18,19.6,1,1,0,1,5,7174000.0
Westlands,Townhouse,1,1,673,3,8.0,1,0,0,1,1,12243000.0
Kileleshwa,Apartment,3,2,1288,24,10.6,1,0,0,1,5,23938000.0
Kitisuru,Apartment,3,3,1071,7,6.3,1,0,0,0,3,20325000.0
Langata,Apartment,3,3,1155,19,10.1,1,0,0,1,4,14183000.0
Ruaka,Maisonette,4,3,1494,16,4.7,1,1,0,0,3,12277000.0
Buruburu,Maisonette,3,3,1304,15,18.4,1,1,0,1,4,10020000.0
Kilimani,Maisonette,5,5,1356,1,15.5,1,0,0,0,1,19685000.0
Loresho,Apartment,2,2,961,18,5.4,1,0,0,1,2,14664000.0
South C,Apartment,2,1,777,0,6.6,0,0,0,0,1,6842000.0
Thika Road,Maisonette,2,2,805,19,14.1,1,0,0,1,2,4823000.0
Rongai,Apartment,3,3,805,29,16.4,1,0,0,1,2,4378000.0
Rongai,Apartment,4,3,986,19,23.2,1,0,0,0,1,5241000.0
Ruiru,Apartment,5,5,1685,8,21.0,1,0,0,1,4,10304000.0
Ruaka,Apartment,4,3,1590,29,19.5,1,0,0,1,3,11003000.0
South B,Townhouse,2,2,886,7,11.0,0,0,0,0,2,7828000.0
Upperhill,Townhouse,1,1,700,12,7.4,1,0,0,1,4,10819000.0
Runda,Maisonette,4,4,1175,18,4.0,1,0,0,1,5,33097000.0
Kitisuru,Maisonette,3,2,1239,9,0.5,0,0,1,0,3,30020000.0
Ngong Road,Apartment,2,1,1022,5,19.2,1,0,0,0,5,11549000.0
Rongai,Apartment,2,1,677,6,22.7,1,0,0,0,4,4343000.0
Embakasi,Apartment,3,2,1139,3,24.2,0,0,0,0,2,7364000.0
Westlands,Apartment,4,4,1016,9,11.4,1,0,0,1,3,22365000.0
Upperhill,Apartment,3,2,1120,27,3.5,1,0,0,1,3,17401000.0
Kahawa,Apartment,2,2,728,12,21.1,0,0,0,1,3,3730000.0
Roysambu,Maisonette,3,3,1219,13,8.9,1,1,0,1,3,8170000.0
Kasarani,Bungalow,2,1,906,25,14.1,1,1,0,1,1,4894000.0
Langata,Apartment,2,1,812,4,5.0,1,0,0,1,2,10100000.0
Embakasi,Apartment,2,2,880,15,24.5,0,0,0,1,4,5612000.0
Ruiru,Villa,5,5,2085,4,33.0,1,1,0,1,2,9983000.0
Langata,Townhouse,2,1,599,24,15.8,1,0,0,1,4,6946000.0
Buruburu,Apartment,3,3,1308,19,14.5,1,0,0,1,2,10782000.0
Ruaka,Apartment,3,3,1238,20,13.7,1,0,0,0,4,10399000.0
Athi River,Apartment,3,3,1206,2,25.0,1,0,0,0,1,4070000.0
Kahawa,Apartment,1,1,512,4,23.7,1,0,0,1,4,2408000.0
Dagoretti,Apartment,4,3,1036,20,10.9,1,0,0,0,2,6864000.0
Ruaka,Apartment,5,5,1866,24,13.6,1,0,0,1,2,12719000.0
Spring Valley,Townhouse,3,3,1228,29,7.3,1,0,0,0,3,19188000.0
Kilimani,Maisonette,2,2,1246,22,11.1,1,1,0,1,5,25246000.0
Loresho,Townhouse,2,1,861,24,9.9,1,0,0,0,3,10679000.0
Ngong Road,Maisonette,5,5,1748,7,18.6,1,1,0,1,4,22555000.0
Dagoretti,Villa,3,2,1529,8,20.1,1,0,0,0,3,12200000.0
Ruiru,Apartment,5,4,1921,27,26.8,1,0,0,0,3,7068000.0
Ngong Road,Apartment,2,2,747,8,12.6,1,0,0,1,5,9082000.0
Kasarani,Bungalow,2,2,1341,14,29.1,1,1,0,1,3,7032000.0
Runda,Bungalow,3,2,1367,8,9.4,1,1,0,0,2,33470000.0
Ngong Road,Apartment,3,3,1151,11,13.8,1,0,0,0,5,11086000.0
Muthaiga,Apartment,2,2,822,8,0.5,0,0,0,0,3,17885000.0
Kahawa,Bungalow,2,2,1061,28,29.8,1,0,0,0,1,3803000.0
Runda,Apartment,3,2,1048,24,11.4,1,0,0,1,3,22973000.0
Umoja,Apartment,4,3,1190,5,23.0,0,0,0,0,4,6535000.0
Athi River,Apartment,2,2,794,11,26.4,1,0,0,0,2,2934000.0
Donholm,Maisonette,3,3,1290,21,13.0,1,0,0,0,2,7964000.0
South B,Bungalow,2,1,1069,6,7.9,1,1,0,1,5,11990000.0
South B,Apartment,2,2,716,1,18.8,1,0,0,1,4,7115000.0
Lavington,Villa,3,2,1623,18,6.9,0,1,0,1,3,32231000.0
Kikuyu,Apartment,4,3,1585,0,26.4,1,0,0,0,3,7638000.0
Loresho,Maisonette,2,2,734,0,5.0,1,0,0,1,3,11125000.0
Dagoretti,Apartment,1,1,628,21,10.0,0,0,0,1,1,4687000.0
Buruburu,Townhouse,2,1,840,13,16.1,1,0,0,0,1,5583000.0
Nyayo Estate,Maisonette,2,2,1031,20,13.8,1,1,0,1,1,8858000.0
Roysambu,Maisonette,2,1,855,15,22.9,1,1,0,0,5,5790000.0
Karen,Apartment,3,2,1238,25,0.5,0,0,0,1,3,28379000.0
Lavington,Apartment,4,4,1011,7,2.4,1,0,1,1,4,21752000.0
Buruburu,Townhouse,1,1,686,19,22.8,1,0,0,1,2,4723000.0
Kitisuru,Townhouse,3,2,1265,4,7.7,1,0,0,1,3,28414000.0
Kilimani,Apartment,2,1,1079,4,13.4,1,0,0,1,4,17867000.0
Kikuyu,Apartment,1,1,478,20,23.3,1,0,0,1,1,2290000.0
Kikuyu,Townhouse,4,4,1198,9,26.0,1,0,0,1,1,5912000.0
Kasarani,Townhouse,2,2,720,10,28.6,1,0,0,1,3,3664000.0
South C,Maisonette,2,2,1096,10,12.0,1,1,0,1,5,11106000.0
Muthaiga,Apartment,2,1,782,15,6.6,1,0,1,1,2,20650000.0
Muthaiga,Apartment,2,1,1017,29,11.7,1,0,0,1,2,20728000.0
Kasarani,Apartment,2,1,932,2,17.3,1,0,0,1,3,6117000.0
Ruiru,Apartment,2,2,992,26,22.8,1,0,0,1,2,3980000.0
Kileleshwa,Maisonette,3,2,1240,7,16.7,0,1,0,0,4,17256000.0
Ruaka,Apartment,4,3,1222,24,19.2,0,0,0,0,2,7567000.0
Kileleshwa,Apartment,2,2,890,24,6.4,1,0,0,0,4,13989000.0
Rongai,Townhouse,1,1,658,17,35.2,1,0,0,1,2,2742000.0
Kasarani,Apartment,2,2,929,23,18.0,1,0,0,0,3,5109000.0
Nyayo Estate,Apartment,2,2,893,26,17.2,1,0,0,1,1,7510000.0
Upperhill,Apartment,5,5,1790,4,7.3,1,0,0,0,5,35110000.0
Dagoretti,Townhouse,1,1,550,25,22.8,1,0,0,1,4,3538000.0
Ngong Road,Apartment,2,2,718,21,15.1,0,0,0,1,1,7561000.0
Roysambu,Apartment,3,3,1086,3,11.8,1,0,0,1,5,9124000.0
Kasarani,Bungalow,2,1,1111,0,26.7,1,1,0,0,2,5993000.0
Roysambu,Apartment,1,1,399,0,24.6,0,0,0,0,2,2163000.0
Kikuyu,Maisonette,3,2,1283,5,16.8,1,1,0,1,4,7561000.0
Roysambu,Maisonette,5,5,1535,22,16.9,0,1,0,1,5,10130000.0
Kahawa,Townhouse,4,4,1028,5,16.2,1,0,0,1,1,5654000.0
Spring Valley,Apartment,3,2,1188,18,0.5,0,0,0,1,4,20467000.0
South B,Apartment,4,4,1290,4,16.0,1,0,0,1,2,12613000.0
Roysambu,Maisonette,3,2,936,27,16.6,1,1,0,1,3,6242000.0
Dagoretti,Apartment,3,3,973,13,17.7,1,0,0,1,3,8609000.0
Karen,Apartment,1,1,552,25,9.8,1,0,0,1,4,12475000.0
Runda,Townhouse,3,3,1098,7,10.1,1,0,0,0,4,24685000.0
Upperhill,Maisonette,1,1,609,4,15.3,1,1,0,0,5,11477000.0
Donholm,Maisonette,3,3,1343,0,20.6,1,1,0,1,2,10084000.0
Upperhill,Apartment,4,4,1313,3,13.7,1,0,0,0,4,22976000.0
Rongai,Townhouse,4,3,1528,28,18.5,1,0,0,1,1,9047000.0
South B,Apartment,1,1,550,22,10.0,0,0,0,0,1,4339000.0
South C,Villa,3,2,1379,24,15.9,1,1,0,0,3,11936000.0
Langata,Apartment,4,3,996,20,11.4,1,0,0,1,4,12748000.0
Karen,Apartment,3,2,934,4,3.0,1,0,0,1,2,23419000.0
Thika Road,Maisonette,1,1,641,9,22.8,1,1,0,0,5,4095000.0
Roysambu,Apartment,6,5,2209,14,19.0,1,0,0,1,5,14998000.0
Ruiru,Apartment,3,3,966,12,25.5,0,0,0,1,5,5222000.0
Kikuyu,Apartment,3,2,1153,13,19.7,1,0,0,1,3,5602000.0
Spring Valley,Bungalow,1,1,696,18,10.2,1,1,0,0,3,11807000.0
Embakasi,Villa,4,4,2051,15,21.1,0,0,0,0,5,12660000.0
Lavington,Apartment,5,4,1512,8,9.5,1,0,1,1,2,32823000.0
Buruburu,Bungalow,3,3,1381,7,20.3,1,1,0,0,3,10350000.0
Upperhill,Apartment,4,4,1145,27,2.5,1,0,0,0,5,19010000.0
Kahawa,Apartment,2,1,769,13,32.6,1,0,0,0,1,3403000.0
Muthaiga,Maisonette,2,2,817,24,3.0,0,0,0,0,5,17973000.0
Kikuyu,Townhouse,2,2,959,26,17.8,1,0,0,1,1,4735000.0
Thika Road,Apartment,3,3,1141,8,11.1,1,0,0,1,3,8936000.0
Kitisuru,Apartment,4,4,1680,7,10.5,1,0,0,1,4,42890000.0
South C,Townhouse,6,5,1925,1,16.9,0,0,0,1,5,21912000.0
Muthaiga,Apartment,3,3,1060,12,9.0,0,0,0,0,5,19157000.0
Kilimani,Maisonette,3,2,1250,6,7.3,0,1,0,1,5,23278000.0
South C,Townhouse,2,1,958,21,15.1,1,0,0,0,2,6753000.0
Langata,Apartment,4,3,1488,5,13.2,1,0,0,0,5,18649000.0
Lavington,Apartment,2,2,831,0,10.5,1,0,0,1,2,16427000.0
Kikuyu,Villa,4,4,2433,28,21.4,0,1,0,0,5,13528000.0
Loresho,Apartment,5,5,1483,17,12.8,0,0,0,1,4,23747000.0
Muthaiga,Apartment,4,4,1429,14,12.1,0,0,0,1,3,36981000.0
Ruiru,Apartment,2,2,693,14,26.6,0,0,0,1,1,2590000.0
Umoja,Apartment,4,4,1133,4,19.7,1,0,0,0,5,6316000.0
Buruburu,Apartment,4,4,1512,14,20.8,1,0,0,0,3,10660000.0
Donholm,Apartment,3,3,1267,9,12.1,1,0,0,0,2,8615000.0
Nyayo Estate,Maisonette,3,2,1206,12,14.5,1,0,0,1,3,10004000.0
South C,Apartment,6,6,1795,27,16.7,1,0,0,0,4,16734000.0
Langata,Apartment,3,2,1058,18,11.7,1,0,0,1,4,12798000.0
Ruaka,Apartment,5,4,1241,12,10.2,1,0,0,0,1,10000000.0
South B,Apartment,1,1,646,6,9.6,1,0,0,0,3,5685000.0
Kahawa,Apartment,4,4,1677,8,27.0,1,0,0,1,4,8758000.0
Upperhill,Apartment,2,2,742,16,15.6,1,0,0,0,4,12095000.0
Langata,Apartment,2,1,791,14,16.2,1,0,0,1,5,9003000.0
Muthaiga,Bungalow,1,1,862,10,6.3,1,1,0,1,5,22748000.0
Langata,Apartment,6,5,1973,23,17.6,1,0,0,1,1,19808000.0
South B,Apartment,1,1,598,14,17.6,1,0,0,1,4,5487000.0
Rongai,Maisonette,1,1,551,29,30.3,0,1,0,0,5,2433000.0
Ngong Road,Apartment,4,3,1297,5,17.6,1,0,0,0,2,12890000.0
Langata,Townhouse,3,3,1029,9,10.0,1,0,0,0,5,11653000.0
Spring Valley,Apartment,4,4,1522,4,4.8,1,0,1,0,1,28989000.0
Runda,Bungalow,2,2,809,27,4.4,0,1,0,1,1,19626000.0
Loresho,Bungalow,2,1,1062,4,11.9,1,1,0,0,1,16193000.0
Kileleshwa,Maisonette,1,1,499,23,2.2,1,1,0,1,3,8848000.0
Kahawa,Townhouse,6,6,2479,26,21.2,0,0,0,1,4,10820000.0
Roysambu,Apartment,4,4,1496,25,26.0,1,0,0,0,4,9025000.0
Loresho,Townhouse,1,1,750,26,1.5,1,0,0,0,1,10126000.0
Kilimani,Maisonette,3,3,994,13,9.1,1,1,0,1,3,18521000.0
Umoja,Bungalow,1,1,690,25,23.4,1,1,0,1,2,3619000.0
Ruiru,Bungalow,4,4,1492,19,26.6,1,0,0,1,1,7433000.0
Kasarani,Apartment,2,2,827,26,24.9,1,0,0,0,1,3559000.0
Muthaiga,Townhouse,4,4,1488,23,7.2,0,0,1,0,2,34689000.0
Runda,Apartment,3,2,896,26,0.5,1,0,0,0,4,20509000.0
Donholm,Maisonette,3,3,1095,0,14.5,0,0,0,1,1,7148000.0
Langata,Apartment,2,1,949,16,12.1,0,0,0,0,4,10125000.0
Embakasi,Apartment,4,4,1392,19,23.3,1,0,0,0,3,8055000.0
Upperhill,Apartment,1,1,547,26,4.1,1,0,0,1,3,9155000.0
Kilimani,Apartment,2,2,839,12,5.7,1,0,1,1,5,18503000.0
Ruiru,Apartment,3,3,993,15,28.1,1,0,0,1,3,4561000.0
Dagoretti,Maisonette,4,4,1608,11,18.0,0,1,0,1,5,12992000.0
Kasarani,Apartment,4,3,1713,1,24.6,0,0,0,0,2,8620000.0
Ruaka,Maisonette,4,4,1224,16,11.5,0,0,0,1,3,10506000.0
Embakasi,Apartment,6,6,1534,8,22.1,0,0,0,1,2,9693000.0
Kahawa,Maisonette,3,2,1235,12,22.6,0,1,0,1,3,6927000.0
Karen,Apartment,5,5,1821,10,2.4,1,0,0,1,5,44808000.0
Ruaka,Maisonette,4,4,1416,14,12.9,1,0,0,0,5,11618000.0
Kikuyu,Bungalow,4,4,2070,20,29.9,1,1,0,0,3,9946000.0
Buruburu,Apartment,2,1,845,6,23.2,1,0,0,1,3,6769000.0
Langata,Apartment,4,4,1453,3,12.4,1,0,0,1,5,18510000.0
Ngong Road,Maisonette,3,3,981,25,13.9,1,1,0,1,5,9824000.0
Lavington,Apartment,2,2,837,0,12.1,1,0,1,1,2,19296000.0
Kitisuru,Bungalow,5,5,1974,15,3.7,0,0,0,1,5,48039000.0
Dagoretti,Apartment,2,2,1104,5,13.7,1,0,0,1,3,8947000.0
Spring Valley,Maisonette,3,2,1064,25,4.7,0,1,0,1,5,18075000.0
South C,Apartment,3,3,1229,17,8.3,1,0,0,1,5,12698000.0
Kitisuru,Apartment,3,3,1237,28,5.1,1,0,0,1,5,26825000.0
Runda,Bungalow,5,5,2386,2,7.5,1,1,0,1,4,62000000.0
Loresho,Apartment,3,2,1059,2,1.7,1,0,0,0,4,15821000.0
Loresho,Apartment,4,4,1189,10,0.5,1,0,0,0,3,18218000.0
South B,Apartment,5,4,1640,4,7.6,1,0,0,1,3,17059000.0
South C,Apartment,2,2,935,14,14.8,1,0,0,1,5,8747000.0
Ngong Road,Maisonette,3,2,1066,20,8.8,1,1,0,1,5,13013000.0
Rongai,Villa,3,3,1538,26,15.1,1,0,0,1,1,8335000.0
Upperhill,Villa,4,4,1996,29,8.4,1,1,0,1,5,32449000.0
Ruaka,Villa,2,1,884,23,15.8,0,1,0,0,4,6594000.0
Loresho,Maisonette,2,1,829,19,3.9,0,1,0,0,3,11747000.0
Ruaka,Apartment,6,6,1969,7,15.5,1,0,0,0,3,16772000.0
Donholm,Maisonette,3,3,1092,27,17.9,1,1,0,0,4,7306000.0
Rongai,Maisonette,4,3,1530,25,17.8,1,1,0,1,2,9093000.0
Kahawa,Apartment,5,5,1349,9,28.6,0,0,0,1,3,7110000.0
Lavington,Maisonette,2,2,705,13,10.2,1,1,0,1,1,13476000.0
Athi River,Townhouse,2,2,1108,7,33.6,0,0,0,1,4,4722000.0
Donholm,Townhouse,3,3,1086,13,19.7,0,0,0,0,2,7277000.0
Westlands,Apartment,4,4,1639,6,3.4,0,0,0,0,4,27221000.0
Kikuyu,Maisonette,3,2,1203,13,25.6,0,1,0,1,3,6715000.0
Kahawa,Bungalow,2,2,894,23,27.6,1,1,0,1,3,4515000.0
Ruiru,Apartment,3,2,1341,16,29.4,1,0,0,0,3,5591000.0
Karen,Maisonette,2,1,1013,10,0.5,0,1,1,1,1,30094000.0
Nyayo Estate,Townhouse,3,3,1246,0,13.3,1,0,0,0,4,11629000.0
Dagoretti,Apartment,2,2,657,16,20.7,1,0,0,1,4,4452000.0
Kahawa,Apartment,5,5,1460,12,23.3,0,0,0,1,4,6768000.0
Athi River,Maisonette,4,4,838,2,22.5,1,0,0,1,5,4420000.0
Kileleshwa,Apartment,3,3,1066,8,18.1,1,0,0,1,1,15490000.0
Lavington,Maisonette,2,2,1045,0,0.5,1,1,0,1,4,23056000.0
Lavington,Maisonette,3,3,911,1,2.2,1,0,0,1,1,19161000.0
Westlands,Apartment,1,1,604,9,6.9,1,0,0,1,4,10715000.0
Thika Road,Townhouse,2,1,1100,20,17.4,1,0,0,1,2,6763000.0
Buruburu,Apartment,1,1,744,3,23.4,1,0,0,0,1,4963000.0
Karen,Apartment,2,2,748,17,6.8,1,0,0,1,4,17885000.0
Buruburu,Maisonette,2,2,855,11,14.1,1,0,0,1,5,7619000.0
Dagoretti,Bungalow,3,3,1927,1,13.1,1,0,0,1,1,16288000.0
Buruburu,Bungalow,2,2,965,22,9.6,1,1,0,0,2,5976000.0
Loresho,Apartment,2,1,642,5,13.8,1,0,0,1,4,9298000.0
Dagoretti,Villa,3,3,1641,7,13.8,1,1,0,0,4,13149000.0
Ruaka,Townhouse,3,3,1088,28,10.6,1,0,0,1,3,7400000.0
Spring Valley,Bungalow,4,3,2166,20,3.6,1,1,1,0,3,46115000.0
South B,Apartment,1,1,578,8,17.4,0,0,0,1,2,5312000.0
Ngong Road,Townhouse,2,1,913,6,17.7,1,0,0,1,2,9555000.0
Kitisuru,Maisonette,3,3,1067,12,0.5,0,1,0,1,5,24228000.0
Dagoretti,Apartment,4,4,1362,26,13.9,1,0,0,0,3,9485000.0
Kahawa,Bungalow,4,4,1544,8,24.9,1,0,0,0,2,6327000.0
Roysambu,Apartment,3,3,1178,23,17.8,0,0,0,1,1,7040000.0
Karen,Bungalow,3,3,1675,4,0.5,1,1,1,1,4,49099000.0
Donholm,Maisonette,3,3,1256,15,18.1,0,0,0,1,1,8110000.0
Kilimani,Apartment,3,3,1019,4,1.8,1,0,0,1,4,16440000.0
Buruburu,Apartment,3,2,1205,5,20.3,1,0,0,1,2,10224000.0
Runda,Villa,3,3,1462,27,12.2,1,1,0,0,1,31503000.0
Ruaka,Townhouse,4,4,1357,25,22.7,1,0,0,1,3,10415000.0
Westlands,Apartment,2,1,705,3,16.0,1,0,1,1,5,15274000.0
Nyayo Estate,Apartment,3,2,1295,1,18.0,0,0,0,1,2,11860000.0
Runda,Apartment,2,1,781,26,9.6,1,0,0,0,4,16613000.0
Langata,Apartment,3,3,862,27,8.7,0,0,0,1,5,9574000.0
Ruiru,Townhouse,5,5,1849,29,23.1,1,0,0,1,3,8878000.0
Spring Valley,Apartment,5,4,1099,24,8.7,0,0,0,1,1,19361000.0
Ngong Road,Maisonette,3,3,1181,14,16.5,1,1,0,1,4,13556000.0
Roysambu,Townhouse,3,3,1107,29,14.4,0,0,0,1,1,7344000.0
Lavington,Villa,3,2,1484,1,1.2,1,1,1,1,1,35771000.0
Lavington,Apartment,3,3,1028,2,0.5,1,0,1,0,1,22135000.0
Umoja,Apartment,2,2,710,22,18.3,0,0,0,1,1,4100000.0
Kilimani,Bungalow,1,1,878,12,0.6,1,1,0,1,3,15613000.0
Ngong Road,Apartment,2,2,801,11,4.3,1,0,0,1,5,9188000.0
Nyayo Estate,Apartment,2,2,895,9,19.7,0,0,0,1,1,6436000.0
Ruiru,Bungalow,5,5,2095,15,18.6,0,0,0,1,1,9797000.0
Athi River,Apartment,3,3,1243,2,26.4,0,0,0,0,2,5019000.0
Kasarani,Apartment,5,5,1620,4,26.5,1,0,0,1,4,9458000.0
Athi River,Villa,1,1,863,19,35.8,1,0,0,1,3,2916000.0
Nyayo Estate,Apartment,2,2,762,13,10.4,0,0,0,0,1,6707000.0
Roysambu,Apartment,4,4,1384,8,26.4,1,0,0,0,4,10493000.0
South C,Apartment,5,5,1513,4,13.3,0,0,0,0,1,13477000.0
Dagoretti,Apartment,6,5,1851,16,11.2,1,0,0,1,1,13803000.0
South C,Villa,5,4,2129,11,13.6,1,1,0,1,5,25010000.0
Langata,Bungalow,3,3,1535,29,17.1,1,1,0,1,5,16280000.0
Kasarani,Apartment,2,2,816,18,27.4,1,0,0,0,3,3726000.0
Westlands,Apartment,4,4,1518,25,5.3,1,0,0,1,1,23182000.0
Ruaka,Townhouse,1,1,659,20,24.7,1,0,0,1,1,4418000.0
South B,Bungalow,3,3,1425,22,9.3,0,1,0,1,5,15444000.0
Westlands,Apartment,3,3,997,26,0.6,1,0,0,0,4,14437000.0
Athi River,Maisonette,2,2,1014,6,20.0,1,0,0,1,2,5216000.0
Ruiru,Apartment,2,1,872,23,20.9,1,0,0,1,1,3838000.0
Spring Valley,Maisonette,3,2,1242,3,8.8,1,1,1,1,1,26514000.0
Umoja,Apartment,5,5,1756,16,3.7,0,0,0,1,3,12429000.0
Karen,Maisonette,1,1,532,15,7.6,1,1,0,0,5,12931000.0
Roysambu,Villa,1,1,1025,17,19.7,1,0,0,1,1,6687000.0
Kitisuru,Apartment,3,3,1099,13,5.9,0,0,0,1,3,20501000.0
Spring Valley,Apartment,2,2,787,7,0.5,1,0,0,1,1,15813000.0
Buruburu,Townhouse,2,1,933,8,11.9,1,0,0,1,3,6975000.0
Buruburu,Apartment,4,3,1466,3,14.0,0,0,0,0,4,11633000.0
Donholm,Maisonette,4,4,1741,12,11.0,1,1,0,1,1,13283000.0
Spring Valley,Apartment,3,3,1263,4,1.7,1,0,0,1,2,25610000.0
Buruburu,Maisonette,2,2,931,20,17.9,1,1,0,1,5,7133000.0
Umoja,Apartment,2,1,859,15,28.0,1,0,0,1,4,4073000.0
Umoja,Apartment,3,3,1239,29,21.1,1,0,0,0,4,6061000.0
Loresho,Townhouse,4,4,1806,12,9.9,1,0,0,1,4,27175000.0
Langata,Maisonette,3,3,1193,14,12.8,1,1,0,1,3,13646000.0
Kilimani,Apartment,4,3,1771,8,1.5,1,0,0,0,2,32333000.0
Kileleshwa,Apartment,4,3,1337,29,13.7,1,0,0,1,5,23209000.0
Kitisuru,Apartment,2,1,784,18,0.6,1,0,1,1,3,16132000.0
Nyayo Estate,Townhouse,4,4,1544,13,21.0,1,0,0,1,3,14459000.0
Umoja,Apartment,3,2,1071,0,25.1,1,0,0,1,4,7360000.0
Lavington,Apartment,2,2,774,23,6.8,1,0,0,1,2,14696000.0
Buruburu,Apartment,4,4,1682,14,23.9,1,0,0,0,3,12585000.0
Kileleshwa,Townhouse,2,1,885,6,11.1,1,0,0,1,5,13556000.0
Lavington,Apartment,4,4,1527,29,10.2,1,0,0,1,3,24659000.0
Kikuyu,Maisonette,4,4,1325,20,18.0,0,0,0,0,3,6890000.0
Kitisuru,Maisonette,4,4,1719,5,3.6,1,1,0,1,3,40539000.0
Kasarani,Apartment,2,1,871,7,23.0,1,0,0,1,1,4507000.0
Kileleshwa,Apartment,2,2,583,12,9.1,1,0,0,1,2,8402000.0
Embakasi,Apartment,2,2,1006,4,14.7,1,0,0,1,3,7250000.0
Ngong Road,Apartment,2,2,1122,22,14.5,0,0,0,1,1,12411000.0
Nyayo Estate,Villa,2,2,1023,24,18.8,1,0,0,1,3,7609000.0
South C,Townhouse,3,3,1154,22,9.6,1,0,0,1,5,11862000.0
Lavington,Apartment,2,1,822,9,1.1,1,0,1,0,3,17299000.0
Nyayo Estate,Apartment,3,3,1074,23,21.3,1,0,0,1,2,8927000.0
Buruburu,Apartment,2,1,517,5,13.0,1,0,0,1,4,4269000.0
Karen,Apartment,2,1,850,11,10.3,1,0,0,0,4,17908000.0
Ruiru,Apartment,1,1,735,18,25.9,1,0,0,1,5,3258000.0
Nyayo Estate,Apartment,2,2,827,23,18.0,1,0,0,1,5,7510000.0
Donholm,Apartment,3,3,962,24,22.4,0,0,0,1,1,5857000.0
Loresho,Bungalow,4,4,1586,15,1.9,0,0,0,1,1,23271000.0
Umoja,Apartment,4,4,1303,9,15.3,1,0,0,1,5,9230000.0
Karen,Maisonette,3,3,1091,23,4.5,1,0,0,0,3,22154000.0
Kitisuru,Villa,3,3,1663,29,15.2,1,1,0,1,5,34245000.0
Embakasi,Bungalow,3,3,1046,18,14.9,1,0,0,1,2,6399000.0
South C,Townhouse,2,1,1016,23,7.6,0,0,0,1,5,9933000.0
Karen,Apartment,2,1,723,5,9.5,1,0,0,1,2,16436000.0
Buruburu,Maisonette,3,2,1248,29,17.0,1,0,0,1,5,8020000.0
South B,Apartment,2,1,675,28,24.1,0,0,0,1,3,5103000.0
Kilimani,Townhouse,5,5,1674,19,9.0,1,0,1,0,4,26365000.0
Kileleshwa,Townhouse,2,2,831,17,4.3,1,0,0,1,2,12125000.0
Kasarani,Apartment,1,1,582,14,21.1,0,0,0,0,2,3026000.0
Dagoretti,Apartment,3,3,1258,16,16.5,1,0,0,1,5,9871000.0
Loresho,Apartment,4,3,1480,5,11.7,0,0,0,1,3,21453000.0
Upperhill,Townhouse,1,1,704,27,6.4,0,0,1,1,1,10320000.0
Kikuyu,Apartment,3,3,1092,3,14.0,1,0,0,1,4,6621000.0
South C,Apartment,2,2,911,19,10.5,1,0,0,1,1,8744000.0
Embakasi,Apartment,2,2,663,3,22.0,1,0,0,1,1,4346000.0
Umoja,Apartment,2,2,1039,8,16.1,1,0,0,0,5,5565000.0
Ngong Road,Bungalow,1,1,681,11,13.0,1,1,0,1,3,7437000.0
Kasarani,Apartment,5,5,1477,15,32.1,1,0,0,1,2,7441000.0
Kahawa,Apartment,3,2,926,23,23.2,1,0,0,1,1,4837000.0
South B,Apartment,3,3,1094,27,12.9,1,0,0,0,2,9196000.0
Thika Road,Villa,1,1,736,24,19.4,1,0,0,0,5,4300000.0
Dagoretti,Apartment,3,3,1596,15,7.8,0,0,0,1,4,13646000.0
Kahawa,Apartment,3,2,968,22,24.7,1,0,0,1,4,4396000.0
Runda,Townhouse,4,4,1788,20,13.8,0,0,1,0,4,42887000.0
Kasarani,Apartment,2,2,825,22,23.7,1,0,0,1,5,4425000.0
Spring Valley,Apartment,3,3,1145,1,0.5,1,0,1,1,4,28289000.0
Ruaka,Apartment,4,4,1405,26,14.2,1,0,0,0,1,10122000.0
Westlands,Maisonette,4,3,1599,19,1.8,1,1,0,0,3,28392000.0
Kahawa,Maisonette,4,4,1214,17,30.4,1,1,0,1,3,5948000.0
Ruiru,Townhouse,4,4,1459,24,14.5,0,0,0,1,2,6594000.0
Lavington,Apartment,5,5,1079,3,8.8,0,0,0,1,3,24911000.0
Langata,Bungalow,2,2,1189,7,8.4,1,0,0,0,4,14128000.0
Donholm,Townhouse,3,3,1166,20,16.7,1,0,0,0,2,6700000.0
Karen,Bungalow,2,1,1198,19,14.5,1,1,0,1,4,25953000.0
Lavington,Villa,3,2,1472,25,0.5,1,1,0,0,5,29860000.0
Kahawa,Apartment,2,1,776,13,19.5,1,0,0,1,3,3767000.0
Muthaiga,Apartment,3,2,1157,12,6.1,0,0,0,1,1,26892000.0
Nyayo Estate,Bungalow,3,3,1493,16,14.8,1,0,0,0,3,13174000.0
Umoja,Townhouse,3,2,1028,19,22.6,1,0,0,1,2,5585000.0
Thika Road,Apartment,2,2,1007,13,12.0,1,0,0,1,5,7562000.0
Umoja,Maisonette,4,3,1189,2,26.7,1,0,0,0,5,7075000.0
Kileleshwa,Apartment,1,1,608,16,2.9,1,0,0,0,1,8591000.0
Muthaiga,Maisonette,4,4,1766,1,6.8,1,1,1,1,2,42631000.0
Umoja,Apartment,3,2,1132,11,24.7,0,0,0,1,5,7061000.0
Kahawa,Apartment,6,5,1696,2,21.4,0,0,0,1,5,8212000.0
Kasarani,Apartment,3,3,1133,18,17.5,1,0,0,0,3,6369000.0
Westlands,Townhouse,1,1,706,25,7.9,1,0,0,1,5,10335000.0
Kasarani,Villa,5,5,2163,17,17.9,1,1,0,1,2,13988000.0
Runda,Apartment,3,3,1184,3,12.5,1,0,0,0,1,27701000.0
Umoja,Maisonette,2,1,921,8,35.7,1,0,0,1,5,4817000.0
Spring Valley,Maisonette,5,5,1494,12,7.5,1,1,1,1,2,37563000.0
South C,Maisonette,3,2,1040,15,14.2,1,1,0,1,5,11858000.0
Spring Valley,Apartment,2,2,738,18,1.1,1,0,1,0,2,15048000.0
Rongai,Apartment,2,2,829,23,19.4,0,0,0,1,2,4309000.0
South B,Apartment,5,5,1596,18,5.5,1,0,0,0,4,16063000.0
Buruburu,Bungalow,3,2,1551,3,17.7,0,0,0,1,1,10909000.0
Kasarani,Maisonette,3,2,1215,19,22.7,1,1,0,1,2,7024000.0
Kahawa,Apartment,5,4,2003,4,25.8,1,0,0,0,2,9748000.0
Upperhill,Maisonette,3,2,1180,8,3.3,1,1,0,1,2,20253000.0
Nyayo Estate,Apartment,4,4,1172,14,8.0,1,0,0,1,5,13556000.0
Muthaiga,Townhouse,6,5,2389,25,4.7,1,0,0,0,2,45477000.0
Athi River,Apartment,2,2,827,10,30.0,1,0,0,1,5,3853000.0
Ngong Road,Apartment,2,2,802,11,12.9,1,0,0,1,3,8470000.0
Donholm,Townhouse,3,3,1018,17,10.8,1,0,0,1,1,6745000.0
Nyayo Estate,Apartment,3,2,988,13,12.7,1,0,0,1,1,8963000.0
Loresho,Apartment,4,3,1310,21,12.0,1,0,0,1,3,18548000.0
Nyayo Estate,Townhouse,2,2,623,16,3.1,1,0,0,1,4,6948000.0
South B,Townhouse,3,3,991,11,7.7,1,0,0,1,2,9869000.0
Kasarani,Maisonette,4,3,1709,20,22.4,0,1,0,1,4,8992000.0
Embakasi,Apartment,3,3,1254,18,19.3,1,0,0,1,1,7300000.0
Karen,Apartment,5,5,1629,29,8.1,1,0,0,0,3,34629000.0
Muthaiga,Maisonette,3,2,1172,28,14.4,1,0,0,1,2,24095000.0
South C,Townhouse,2,2,816,17,12.8,1,0,0,1,4,8308000.0
Umoja,Apartment,6,6,1838,8,20.6,1,0,0,0,5,11482000.0
Umoja,Villa,6,6,2427,14,14.1,1,1,0,1,3,15009000.0
Dagoretti,Apartment,3,3,1183,18,18.3,1,0,0,1,4,9107000.0
Loresho,Apartment,4,4,1369,13,14.1,1,0,0,1,3,21027000.0
Ruaka,Apartment,4,4,1227,17,25.6,1,0,0,1,5,9863000.0
Buruburu,Apartment,3,2,1098,6,18.5,1,0,0,0,5,10273000.0
Runda,Apartment,1,1,578,9,12.6,1,0,0,0,3,12639000.0
Ruiru,Bungalow,1,1,851,21,34.1,1,0,0,1,3,3900000.0
Donholm,Maisonette,4,4,1516,24,24.2,1,1,0,1,4,11176000.0
Ruiru,Apartment,2,2,891,28,24.9,1,0,0,1,3,3785000.0
Kitisuru,Apartment,4,4,1168,4,2.8,1,0,0,1,4,29350000.0
Loresho,Bungalow,4,4,1678,7,15.6,0,1,0,1,2,23539000.0
Muthaiga,Villa,3,3,1562,25,13.6,1,0,0,1,1,33930000.0
Ruiru,Maisonette,1,1,581,18,29.7,1,0,0,1,2,2289000.0
Nyayo Estate,Apartment,2,2,852,28,14.3,1,0,0,1,3,6779000.0
Kasarani,Maisonette,2,2,1064,14,23.2,1,0,0,1,3,5220000.0
South B,Townhouse,2,1,794,9,8.2,0,0,0,0,3,8421000.0
Kahawa,Apartment,2,1,701,20,17.6,1,0,0,1,1,3063000.0
Ruiru,Apartment,3,2,1150,25,30.5,0,0,0,1,4,5265000.0
Nyayo Estate,Villa,1,1,640,11,13.7,1,0,0,0,1,4797000.0
Kasarani,Apartment,1,1,592,7,21.7,1,0,0,0,3,3507000.0
Karen,Apartment,4,4,1312,6,5.6,0,0,0,1,5,29136000.0
Kikuyu,Apartment,2,2,737,5,24.7,1,0,0,1,4,4601000.0
Nyayo Estate,Maisonette,4,4,1486,3,3.9,1,1,0,1,1,19169000.0
Buruburu,Villa,4,4,1619,22,8.9,0,1,0,0,2,11573000.0
Thika Road,Apartment,2,1,919,5,15.9,1,0,0,0,2,6553000.0
Langata,Apartment,3,3,940,19,3.6,1,0,0,0,5,11653000.0
Ngong Road,Apartment,6,6,1788,8,15.7,1,0,0,0,2,17946000.0
Buruburu,Maisonette,6,6,2242,2,18.9,1,1,0,1,4,16828000.0
Runda,Townhouse,5,5,1895,0,2.1,1,0,0,1,2,58422000.0
Kasarani,Apartment,5,5,1828,3,16.4,0,0,0,0,5,11138000.0
Kitisuru,Apartment,2,2,731,1,2.7,1,0,1,1,3,20295000.0
Upperhill,Apartment,3,3,984,11,12.8,1,0,0,0,1,15645000.0
Ruaka,Maisonette,3,3,1367,6,16.2,0,1,0,0,3,11405000.0
Lavington,Villa,1,1,788,19,11.8,1,0,0,1,5,16974000.0
Loresho,Apartment,1,1,589,9,6.8,1,0,0,0,4,8121000.0
Ruiru,Bungalow,3,2,1567,10,25.6,1,0,0,1,3,8081000.0
Karen,Bungalow,4,4,1607,29,9.9,1,0,0,1,4,37742000.0
Athi River,Apartment,3,2,1007,23,18.4,0,0,0,1,5,4350000.0
Umoja,Villa,2,2,1117,22,17.9,1,1,0,1,1,5885000.0
Athi River,Maisonette,3,3,1236,10,32.0,1,1,0,1,3,5433000.0
Westlands,Bungalow,2,2,1131,1,0.5,1,0,1,1,1,24188000.0
Muthaiga,Townhouse,3,3,1157,24,1.5,0,0,0,1,3,24841000.0
Athi River,Apartment,4,4,1388,5,28.7,1,0,0,1,2,6218000.0
Karen,Townhouse,4,4,1583,23,3.5,1,0,0,1,2,36565000.0
Embakasi,Apartment,3,3,1415,24,29.1,0,0,0,1,2,7430000.0
Nyayo Estate,Villa,3,3,1700,27,17.5,1,0,0,1,4,14193000.0
Dagoretti,Apartment,1,1,469,3,14.0,1,0,0,1,5,3902000.0
South B,Apartment,3,3,1248,13,6.4,1,0,0,1,4,12258000.0
South B,Bungalow,2,1,1223,9,14.1,1,0,0,0,2,10189000.0
South B,Townhouse,3,3,1233,11,23.4,1,0,0,1,2,9868000.0
Ngong Road,Apartment,3,2,1029,16,4.8,0,0,0,1,3,11477000.0
Ruiru,Apartment,1,1,686,7,24.2,1,0,0,0,1,2763000.0
Karen,Bungalow,2,2,796,13,10.8,1,0,0,1,4,17670000.0
Ruaka,Villa,3,2,2071,15,7.6,0,1,0,1,4,18986000.0
South B,Apartment,3,2,977,1,17.5,1,0,0,0,5,10743000.0
Loresho,Apartment,3,2,1106,22,7.2,1,0,0,0,4,15387000.0
Roysambu,Apartment,4,3,1638,20,24.0,1,0,0,0,5,10896000.0
Ruaka,Apartment,1,1,615,4,18.2,0,0,0,1,3,5149000.0
Kikuyu,Maisonette,3,3,1032,4,19.5,1,0,0,1,5,6410000.0
Langata,Maisonette,3,3,1319,29,12.4,0,1,0,1,5,13739000.0
Karen,Apartment,4,3,1442,12,14.0,1,0,0,0,1,29024000.0
Dagoretti,Bungalow,4,3,2238,17,13.7,0,1,0,1,5,17499000.0
Kasarani,Apartment,2,2,907,10,18.6,1,0,0,1,3,4723000.0
Langata,Townhouse,4,4,1351,22,12.7,0,0,0,0,2,12521000.0
Kileleshwa,Villa,2,1,1115,27,2.9,1,1,0,0,3,17737000.0
Kasarani,Apartment,3,3,1041,3,18.8,1,0,0,1,1,6645000.0
Langata,Maisonette,1,1,693,7,16.3,1,1,0,1,1,8711000.0
Karen,Apartment,3,3,977,15,7.3,1,0,0,1,2,23339000.0
Kileleshwa,Apartment,3,2,1217,18,6.8,1,0,0,1,5,22403000.0
Ruaka,Townhouse,3,3,1110,25,11.2,1,0,0,1,5,8766000.0
Donholm,Bungalow,3,3,1199,24,18.9,0,1,0,1,1,8573000.0
Muthaiga,Apartment,2,1,942,10,6.7,1,0,0,0,4,23852000.0
South C,Apartment,3,2,985,24,18.7,1,0,0,0,2,8726000.0
Westlands,Apartment,6,6,1545,22,15.0,1,0,0,1,1,23422000.0
Muthaiga,Apartment,3,2,1300,0,9.4,1,0,1,1,3,36633000.0
Kileleshwa,Apartment,4,3,1410,10,2.0,1,0,0,1,4,24195000.0
Thika Road,Apartment,4,3,1382,23,21.1,1,0,0,1,2,7926000.0
Roysambu,Maisonette,3,2,919,11,18.8,0,0,0,1,3,5706000.0
South B,Bungalow,2,2,1347,22,14.7,1,1,0,1,4,12604000.0
Loresho,Apartment,2,2,1033,12,3.2,1,0,0,0,2,13201000.0
Kahawa,Apartment,2,2,735,8,20.2,1,0,0,1,2,3711000.0
South C,Apartment,2,2,972,6,13.4,1,0,0,1,3,11965000.0
Muthaiga,Apartment,2,1,816,26,4.8,1,0,0,0,3,15137000.0
Dagoretti,Apartment,3,3,1070,16,13.3,1,0,0,1,5,8481000.0
Karen,Bungalow,2,1,1083,24,3.3,1,1,1,0,1,24376000.0
Kilimani,Bungalow,3,2,1525,25,10.9,1,1,0,1,1,23437000.0
Ruaka,Townhouse,2,2,1179,6,14.2,1,0,0,1,3,10498000.0
Loresho,Apartment,3,2,1092,17,16.9,0,0,0,1,5,16595000.0
South B,Bungalow,2,1,1326,9,16.3,1,1,0,1,1,14810000.0
Rongai,Bungalow,3,2,1284,22,36.5,0,0,0,1,1,6251000.0
Runda,Apartment,1,1,550,2,0.5,1,0,0,1,4,15049000.0
Ngong Road,Apartment,1,1,441,17,26.2,1,0,0,1,1,4772000.0
Ruaka,Apartment,2,1,930,16,22.8,1,0,0,0,2,6737000.0
Kahawa,Apartment,4,3,1417,8,20.4,0,0,0,0,3,7023000.0
Karen,Apartment,2,2,1019,16,2.5,1,0,0,0,5,23451000.0
Runda,Bungalow,4,3,1772,25,15.2,1,1,0,1,1,37928000.0
Lavington,Apartment,2,1,633,10,5.9,1,0,0,1,5,12393000.0
Kasarani,Apartment,2,1,1023,26,25.2,1,0,0,1,5,5327000.0
Upperhill,Apartment,2,1,835,26,4.5,1,0,0,1,1,12780000.0
South C,Townhouse,3,2,1381,24,12.7,1,0,0,1,3,12188000.0
Lavington,Maisonette,2,2,1006,15,1.5,1,1,0,1,1,21028000.0
Athi River,Apartment,3,3,1012,5,29.5,1,0,0,1,2,4383000.0
Rongai,Apartment,4,4,1775,8,20.4,0,0,0,1,3,10376000.0
Thika Road,Apartment,6,5,1705,20,7.8,0,0,0,0,3,11439000.0
Muthaiga,Townhouse,2,2,833,0,0.5,0,0,0,1,4,23562000.0
South B,Villa,3,2,1371,17,10.9,1,1,0,0,2,12038000.0
Athi River,Apartment,1,1,533,11,28.3,1,0,0,1,1,1997000.0
Dagoretti,Apartment,3,3,1308,0,6.2,0,0,0,1,5,14487000.0
Rongai,Bungalow,2,2,951,9,16.6,1,0,0,1,5,6275000.0
Kilimani,Apartment,3,2,870,24,7.4,1,0,1,1,2,16184000.0
Athi River,Townhouse,4,4,1352,10,21.1,0,0,0,1,4,6080000.0
Karen,Apartment,3,2,1253,20,4.3,1,0,1,1,1,33180000.0
Lavington,Maisonette,3,3,1223,25,12.4,1,0,0,1,3,22527000.0
Ruaka,Apartment,3,3,1175,16,17.7,1,0,0,1,2,10153000.0
Thika Road,Apartment,2,1,966,4,14.2,0,0,0,1,3,6901000.0
Ruiru,Maisonette,3,3,1207,0,23.3,1,1,0,1,5,6850000.0
South B,Apartment,3,2,1240,13,14.0,0,0,0,1,5,11103000.0
Thika Road,Apartment,1,1,734,27,17.2,1,0,0,1,4,4295000.0
Runda,Villa,4,4,1768,6,0.5,1,0,0,1,5,44633000.0
Buruburu,Apartment,4,4,1121,12,17.3,0,0,0,0,4,6877000.0
Rongai,Bungalow,3,2,1298,21,22.6,1,1,0,0,5,7203000.0
South C,Maisonette,2,1,940,22,7.4,1,0,0,1,3,8505000.0
Dagoretti,Apartment,3,3,976,9,19.9,1,0,0,1,3,8940000.0
Ngong Road,Townhouse,4,4,1466,7,17.2,1,0,0,1,5,19021000.0
Kasarani,Apartment,3,3,1268,24,14.1,1,0,0,0,3,6488000.0
Rongai,Apartment,4,3,1112,28,26.8,1,0,0,0,5,5465000.0
Umoja,Apartment,3,3,1044,10,21.7,1,0,0,0,1,5494000.0
Nyayo Estate,Apartment,4,3,1414,29,10.8,1,0,0,0,5,11494000.0
Athi River,Apartment,3,2,1080,28,30.5,1,0,0,1,2,4072000.0
Ngong Road,Apartment,1,1,613,0,15.6,1,0,0,0,2,6951000.0
Lavington,Maisonette,4,3,1499,13,10.5,1,1,1,1,2,31299000.0
South B,Apartment,6,5,1976,7,19.5,1,0,0,1,1,20008000.0
Karen,Apartment,2,1,775,11,5.4,1,0,0,1,5,22683000.0
Thika Road,Apartment,2,2,712,5,25.0,1,0,0,1,2,4221000.0
Ngong Road,Apartment,3,3,1118,8,7.6,1,0,0,1,5,14922000.0
Roysambu,Apartment,2,2,978,17,22.3,1,0,0,1,5,6783000.0
Lavington,Maisonette,4,3,1149,6,10.8,0,0,0,1,2,23716000.0
South C,Apartment,2,2,928,17,18.1,1,0,0,1,1,8428000.0
Muthaiga,Apartment,5,4,1191,11,7.1,1,0,0,1,3,30123000.0
Rongai,Bungalow,5,4,2031,26,11.4,1,1,0,1,4,11512000.0
Runda,Apartment,3,3,1017,0,0.5,1,0,0,0,5,25278000.0
Kasarani,Apartment,2,1,830,20,24.3,1,0,0,1,2,4224000.0
Buruburu,Townhouse,3,3,1158,11,17.9,1,0,0,0,5,7729000.0
Buruburu,Maisonette,2,1,1031,17,23.3,1,0,0,1,2,6574000.0
Ruiru,Apartment,2,2,873,25,21.3,0,0,0,1,3,4469000.0
Kitisuru,Apartment,3,2,1161,18,15.3,1,0,0,1,3,22387000.0
Kileleshwa,Apartment,2,1,737,4,4.8,1,0,0,1,4,13779000.0
Ngong Road,Apartment,2,1,882,20,6.0,1,0,0,1,1,8805000.0
Embakasi,Apartment,4,3,1227,2,26.2,1,0,0,0,4,7203000.0
Umoja,Apartment,5,4,1604,14,20.0,1,0,0,1,5,10602000.0
Lavington,Apartment,3,2,1210,29,1.7,1,0,1,1,3,22367000.0
Buruburu,Villa,4,3,2339,5,17.4,1,0,0,0,4,17585000.0
Nyayo Estate,Apartment,2,2,952,24,10.7,1,0,0,0,1,7766000.0
Kileleshwa,Maisonette,5,4,1729,27,13.2,1,1,0,1,5,24531000.0
Kasarani,Villa,4,3,1857,20,19.6,1,0,0,0,4,9424000.0
Rongai,Apartment,5,4,2146,19,24.7,1,0,0,0,4,10855000.0
Kitisuru,Bungalow,3,3,1128,26,7.8,0,1,1,1,5,26868000.0
Umoja,Apartment,4,3,1500,25,32.2,1,0,0,0,5,6945000.0
Runda,Apartment,2,1,901,19,3.7,1,0,0,0,5,19668000.0
Ruiru,Apartment,3,2,1180,22,22.7,0,0,0,1,4,6118000.0
South C,Apartment,2,2,760,9,11.1,1,0,0,1,4,8242000.0
Kikuyu,Bungalow,1,1,730,15,20.4,1,1,0,1,2,3973000.0
Kasarani,Apartment,2,2,706,29,14.8,1,0,0,1,1,3253000.0
Umoja,Bungalow,4,4,1992,7,27.2,1,1,0,1,5,13771000.0
Kitisuru,Bungalow,3,3,1394,8,3.5,1,0,1,1,4,36667000.0
Kilimani,Bungalow,3,3,1799,1,6.8,1,0,0,0,1,29072000.0
Athi River,Villa,6,5,2958,20,24.8,0,0,0,0,5,12601000.0
Westlands,Apartment,1,1,501,26,6.6,1,0,1,1,3,8329000.0
Ruiru,Maisonette,3,3,1099,0,28.9,0,0,0,1,3,5822000.0
Kileleshwa,Villa,1,1,677,8,4.2,1,1,0,0,5,12303000.0
Umoja,Apartment,2,2,911,1,24.0,0,0,0,1,5,5374000.0
Kilimani,Townhouse,3,2,1130,11,8.1,1,0,0,1,4,17487000.0
Kasarani,Apartment,2,2,900,27,19.8,1,0,0,1,3,5452000.0
South B,Apartment,3,2,754,2,29.2,1,0,0,1,1,6943000.0
Westlands,Bungalow,2,2,1255,1,0.5,1,1,0,0,1,17516000.0
Runda,Apartment,1,1,600,2,8.1,1,0,0,1,3,14897000.0
Lavington,Villa,2,2,959,28,4.9,1,1,0,0,4,17383000.0
Ruiru,Villa,1,1,788,20,25.8,1,1,0,1,5,4217000.0
Langata,Apartment,2,2,770,17,6.2,1,0,0,1,4,8156000.0
South C,Apartment,2,2,845,14,24.6,1,0,0,1,4,7787000.0
Kasarani,Apartment,3,3,1237,28,23.2,1,0,0,0,3,6574000.0
South B,Apartment,4,4,1005,24,17.2,0,0,0,1,2,8477000.0
Thika Road,Apartment,5,4,1316,2,12.7,1,0,0,1,5,11300000.0
Muthaiga,Maisonette,3,3,1132,16,16.2,1,1,1,0,2,23565000.0
Dagoretti,Townhouse,2,1,856,9,17.7,1,0,0,0,1,5070000.0
Spring Valley,Apartment,4,4,1315,13,2.2,1,0,1,1,3,27347000.0
South B,Apartment,2,1,904,20,10.3,1,0,0,1,1,8537000.0
Kahawa,Bungalow,2,1,937,2,24.2,1,0,0,1,3,4741000.0
Kikuyu,Villa,5,5,2348,23,17.1,0,0,0,0,1,12535000.0
Runda,Townhouse,4,4,1370,5,5.5,1,0,0,0,1,31706000.0
Lavington,Apartment,2,2,1010,24,8.0,1,0,0,1,4,17757000.0
Muthaiga,Apartment,6,5,1702,27,5.1,1,0,1,1,2,37160000.0
Runda,Bungalow,2,2,1399,26,13.0,1,1,0,1,3,29420000.0
Kitisuru,Apartment,2,1,680,19,14.4,0,0,1,1,2,14608000.0
Karen,Apartment,2,2,936,18,3.6,1,0,0,1,3,20648000.0
Dagoretti,Townhouse,6,5,2399,2,15.9,1,0,0,1,3,21140000.0
Dagoretti,Apartment,2,1,808,17,16.1,1,0,0,1,5,6671000.0
South B,Apartment,3,2,1010,23,12.8,1,0,0,1,4,9401000.0
Ngong Road,Villa,4,3,1926,18,14.2,1,0,0,1,4,24465000.0
Nyayo Estate,Apartment,2,2,1034,16,7.0,0,0,0,1,2,9995000.0
Kilimani,Bungalow,3,3,1661,4,7.1,1,1,0,1,3,29454000.0
South C,Villa,3,2,1434,11,10.3,1,1,0,0,1,13888000.0
Upperhill,Maisonette,6,5,2127,21,13.1,1,0,0,1,3,34644000.0
Athi River,Bungalow,4,3,1985,14,27.1,0,1,0,1,2,8959000.0
Kileleshwa,Townhouse,4,4,1449,9,6.5,0,0,0,1,1,23148000.0
Umoja,Maisonette,5,4,1339,9,19.5,0,0,0,0,2,7362000.0
Ruiru,Apartment,2,1,935,28,26.4,1,0,0,1,5,3919000.0
Donholm,Apartment,2,2,880,11,15.7,1,0,0,1,4,6233000.0
Buruburu,Apartment,2,2,812,15,14.7,1,0,0,1,2,5740000.0
Kahawa,Apartment,4,4,904,7,27.9,1,0,0,1,1,3863000.0
Langata,Apartment,5,4,1151,18,4.5,1,0,0,1,3,13876000.0
Ruiru,Apartment,5,4,1707,6,23.2,1,0,0,1,5,8696000.0
Ngong Road,Apartment,3,3,1049,17,14.6,0,0,0,1,2,9891000.0
Rongai,Apartment,1,1,663,15,22.5,1,0,0,1,2,3909000.0
Buruburu,Bungalow,5,5,2551,21,19.2,1,1,0,1,1,19903000.0
Ngong Road,Apartment,3,2,1094,18,10.7,0,0,0,0,4,10866000.0
Kahawa,Apartment,4,4,1541,18,29.5,1,0,0,0,5,7040000.0
Kileleshwa,Villa,3,3,1301,22,1.2,1,1,0,1,4,23257000.0
Muthaiga,Apartment,3,3,1288,16,7.4,0,0,0,0,3,26208000.0
Upperhill,Apartment,3,2,1169,16,3.3,1,0,0,1,3,21417000.0
Upperhill,Maisonette,5,4,1766,13,7.6,1,1,0,0,3,29367000.0
South B,Apartment,2,2,1016,2,16.4,1,0,0,1,1,8956000.0
Kilimani,Apartment,1,1,607,9,5.4,1,0,1,1,4,13512000.0
Donholm,Apartment,5,4,1757,16,25.1,1,0,0,1,3,12335000.0
Umoja,Maisonette,3,3,1238,24,32.5,1,0,0,1,3,5598000.0
Ngong Road,Apartment,4,3,1319,18,11.3,1,0,0,1,4,15856000.0
Ruiru,Bungalow,2,2,1627,24,33.9,1,1,0,0,4,6982000.0
Roysambu,Apartment,2,2,738,11,12.6,1,0,0,1,1,4935000.0
Thika Road,Apartment,2,1,923,25,9.7,1,0,0,1,3,5197000.0
Embakasi,Townhouse,1,1,582,14,18.0,1,0,0,1,1,3411000.0
Langata,Villa,4,4,2410,13,12.6,0,1,0,1,4,26221000.0
Dagoretti,Townhouse,2,1,679,27,11.6,1,0,0,0,4,5232000.0
Upperhill,Maisonette,4,4,1553,24,17.3,1,1,0,0,1,21689000.0
Ruaka,Apartment,3,2,1002,27,22.0,1,0,0,1,1,7003000.0
Dagoretti,Apartment,3,2,1264,24,18.3,1,0,0,1,3,8729000.0
Karen,Apartment,1,1,598,23,7.2,1,0,0,1,5,12733000.0
Westlands,Maisonette,2,2,832,13,0.5,0,1,0,1,1,15839000.0
Kahawa,Apartment,4,4,1171,18,18.7,1,0,0,0,2,5238000.0
Westlands,Maisonette,3,2,995,7,10.8,1,1,0,1,3,18645000.0
Dagoretti,Apartment,2,2,457,12,19.2,1,0,0,1,4,4138000.0
South C,Maisonette,5,5,2067,15,2.7,1,0,0,0,5,21257000.0
Kilimani,Apartment,2,1,787,4,10.9,0,0,1,0,5,14189000.0
Kileleshwa,Apartment,4,4,1074,8,11.2,1,0,0,0,4,15458000.0
Ruaka,Villa,3,3,1877,21,15.8,1,0,0,1,4,13516000.0
Ngong Road,Apartment,5,5,1590,16,20.8,1,0,0,0,2,14351000.0
Kikuyu,Apartment,4,4,1166,13,28.1,1,0,0,1,4,6046000.0
Thika Road,Bungalow,2,1,1136,3,22.9,1,1,0,0,1,6332000.0
Langata,Apartment,1,1,623,13,0.5,0,0,0,1,5,7789000.0
South B,Apartment,2,1,801,22,16.6,0,0,0,1,1,7025000.0
Donholm,Apartment,2,1,672,1,9.7,1,0,0,0,3,5306000.0
Spring Valley,Townhouse,6,5,2364,19,15.4,0,0,0,0,1,35671000.0
Umoja,Apartment,5,5,1547,0,24.6,1,0,0,0,2,8886000.0
Umoja,Maisonette,3,2,919,8,22.8,1,1,0,0,2,4983000.0
Loresho,Apartment,3,2,1062,24,3.9,1,0,0,1,2,15684000.0
Spring Valley,Apartment,4,4,1042,13,2.1,0,0,1,1,4,24649000.0
Ruaka,Apartment,3,2,950,2,20.2,1,0,0,1,4,7770000.0
Lavington,Apartment,3,2,754,11,2.0,1,0,0,1,4,15277000.0
Karen,Villa,4,3,1527,25,0.5,1,1,0,0,5,35991000.0
Buruburu,Townhouse,1,1,613,4,17.1,1,0,0,1,4,4411000.0
Kilimani,Maisonette,2,2,854,20,4.1,1,1,1,1,1,14924000.0
Langata,Apartment,3,2,1021,11,8.9,0,0,0,1,2,11014000.0
Thika Road,Apartment,4,3,1726,10,23.9,1,0,0,0,4,11754000.0
Karen,Apartment,4,3,1694,28,1.6,0,0,1,1,5,41877000.0
Ruaka,Apartment,4,4,1300,3,15.8,1,0,0,1,2,11374000.0
Rongai,Villa,3,3,1563,22,28.0,0,1,0,0,4,7830000.0
Thika Road,Apartment,1,1,511,1,26.8,1,0,0,1,5,3696000.0
Muthaiga,Apartment,4,3,1488,12,13.5,1,0,0,1,1,31840000.0
Loresho,Villa,2,2,1007,7,2.8,1,1,0,1,2,17187000.0
Ngong Road,Apartment,4,3,1365,19,11.9,1,0,0,0,2,15721000.0
Kileleshwa,Townhouse,3,3,1150,16,5.7,1,0,0,1,2,17794000.0
Dagoretti,Apartment,3,3,1273,29,18.7,1,0,0,1,4,10078000.0
Kikuyu,Townhouse,2,1,890,20,27.9,1,0,0,0,5,3489000.0
Ngong Road,Apartment,4,3,1164,26,11.5,1,0,0,1,3,13975000.0
Muthaiga,Townhouse,4,4,1514,15,0.8,1,0,0,1,4,40754000.0
Rongai,Apartment,2,2,877,29,18.6,1,0,0,1,3,4529000.0
Lavington,Townhouse,3,3,958,13,0.5,1,0,0,1,2,18996000.0
Muthaiga,Apartment,3,3,808,4,9.0,1,0,0,0,5,19779000.0
Westlands,Villa,3,2,1726,0,8.9,1,1,1,1,4,40742000.0
Nyayo Estate,Apartment,1,1,475,13,20.5,1,0,0,1,1,3603000.0
Athi River,Apartment,4,4,1549,24,30.0,0,0,0,1,2,6351000.0
Thika Road,Townhouse,3,2,1240,25,17.2,1,0,0,1,4,7355000.0
Kahawa,Apartment,1,1,481,1,19.1,1,0,0,1,3,2686000.0
Kilimani,Apartment,5,5,1489,0,8.4,1,0,1,0,2,30578000.0
Upperhill,Apartment,3,3,939,22,0.5,1,0,1,1,3,18747000.0
Upperhill,Maisonette,3,2,1447,8,9.3,1,1,0,1,3,24070000.0
Roysambu,Apartment,1,1,478,6,23.3,1,0,0,0,3,2740000.0
Buruburu,Apartment,1,1,634,0,19.6,1,0,0,1,1,4598000.0
Langata,Apartment,4,3,1245,20,14.4,1,0,0,0,5,14992000.0
Spring Valley,Apartment,3,3,901,25,8.1,1,0,0,1,3,15448000.0
Ruaka,Townhouse,5,5,1821,2,20.0,1,0,0,1,5,19209000.0
Kahawa,Apartment,4,4,1304,23,24.8,1,0,0,1,5,6110000.0
Westlands,Apartment,1,1,573,10,9.7,1,0,0,1,1,10231000.0
Muthaiga,Apartment,2,2,844,28,12.9,1,0,0,1,2,16010000.0
Kitisuru,Bungalow,3,2,1613,7,13.6,1,0,1,1,3,36784000.0
Ruaka,Maisonette,6,5,1889,15,2.3,1,1,0,1,5,18509000.0
Dagoretti,Apartment,3,3,896,25,18.9,1,0,0,1,4,7284000.0
South C,Apartment,2,2,711,11,6.4,1,0,0,0,1,7145000.0
Kahawa,Apartment,3,3,970,24,25.0,1,0,0,0,3,3846000.0
Lavington,Townhouse,3,2,1432,18,8.2,1,0,1,0,5,32790000.0
Ruiru,Apartment,1,1,448,10,23.1,1,0,0,0,5,2236000.0
Ruaka,Maisonette,2,2,972,29,16.7,0,1,0,1,4,7445000.0
Kahawa,Apartment,5,4,1871,19,29.1,1,0,0,1,3,9910000.0
Upperhill,Townhouse,5,4,1711,15,11.3,1,0,0,1,1,25365000.0
Athi River,Bungalow,2,2,1239,2,22.3,0,0,0,1,1,5937000.0
Athi River,Apartment,2,2,658,13,30.8,1,0,0,1,5,2402000.0
Kasarani,Townhouse,2,2,631,6,22.2,1,0,0,0,1,3653000.0
Athi River,Maisonette,2,2,1031,13,21.6,0,0,0,1,1,4567000.0
Upperhill,Bungalow,1,1,718,5,1.3,0,1,0,1,4,13104000.0
Karen,Apartment,3,2,906,1,4.8,1,0,0,1,1,22648000.0
Ruiru,Apartment,3,3,1102,10,18.9,1,0,0,0,2,5084000.0
Spring Valley,Bungalow,2,2,1261,8,5.2,1,1,0,0,3,24834000.0
Dagoretti,Apartment,6,5,1744,15,15.8,1,0,0,0,3,11966000.0
Runda,Apartment,2,2,806,0,1.9,0,0,1,1,2,24469000.0
Thika Road,Maisonette,1,1,696,6,12.2,1,1,0,1,1,4287000.0
Spring Valley,Bungalow,1,1,578,18,12.2,0,0,0,0,3,9421000.0
Kasarani,Maisonette,3,2,978,22,20.6,1,1,0,0,3,5000000.0
Spring Valley,Villa,3,2,1387,20,3.1,1,0,0,1,5,27105000.0
Nyayo Estate,Apartment,4,4,1163,3,14.8,1,0,0,1,2,12244000.0
Kitisuru,Apartment,5,5,1321,27,11.1,0,0,0,0,5,26121000.0
Buruburu,Villa,3,2,1316,28,23.9,1,0,0,1,5,8837000.0
Dagoretti,Townhouse,4,4,1339,26,12.0,1,0,0,1,3,11224000.0
Dagoretti,Apartment,3,2,1217,5,16.6,1,0,0,0,3,9241000.0
Runda,Apartment,5,4,1740,8,5.6,1,0,0,1,4,46540000.0
Ruiru,Maisonette,4,4,1235,2,23.1,1,1,0,1,3,7412000.0
Thika Road,Townhouse,3,3,1039,17,19.9,1,0,0,1,1,6633000.0
South B,Villa,2,2,1281,19,18.9,1,0,0,0,1,9952000.0
South C,Apartment,4,3,1338,12,15.9,1,0,0,1,3,14099000.0
Muthaiga,Apartment,2,1,876,4,7.1,0,0,0,1,2,22902000.0
Kikuyu,Maisonette,2,2,988,3,28.9,1,0,0,0,1,4832000.0
Loresho,Maisonette,4,4,1431,13,11.4,1,1,0,1,5,22175000.0
Rongai,Apartment,4,3,1417,21,18.7,1,0,0,1,3,7506000.0
Thika Road,Maisonette,3,2,1140,16,20.3,1,0,0,1,3,6874000.0
Embakasi,Apartment,3,3,965,8,28.2,1,0,0,0,5,5457000.0
Buruburu,Apartment,3,2,1050,16,26.6,1,0,0,0,4,7149000.0
Langata,Townhouse,3,3,1130,15,10.0,0,0,0,1,5,13188000.0
Umoja,Apartment,3,2,1161,12,29.2,1,0,0,0,1,6015000.0
Karen,Apartment,5,5,1176,29,0.5,1,0,0,1,5,31494000.0
Roysambu,Apartment,1,1,676,4,18.1,1,0,0,0,5,4759000.0
South C,Apartment,3,2,1044,24,22.1,1,0,0,1,3,9568000.0
Westlands,Apartment,5,4,1110,0,4.7,1,0,0,1,1,22084000.0
Kilimani,Bungalow,3,3,1336,9,0.5,1,0,0,1,4,25089000.0
Kasarani,Apartment,1,1,654,29,22.4,1,0,0,1,2,2583000.0
Umoja,Maisonette,6,6,2330,13,14.4,1,1,0,0,3,14327000.0
Buruburu,Apartment,2,2,878,25,25.8,1,0,0,1,3,5976000.0
Ruaka,Maisonette,3,2,1014,10,11.6,1,1,0,1,2,8704000.0
Kilimani,Apartment,4,4,1365,15,4.4,0,0,1,1,2,24165000.0
Upperhill,Bungalow,1,1,811,17,8.8,1,0,0,1,5,12864000.0
Ngong Road,Apartment,2,2,643,24,11.0,1,0,0,0,2,5872000.0
Kilimani,Apartment,2,1,615,14,11.1,1,0,0,1,5,9982000.0
South C,Apartment,2,2,837,22,15.8,1,0,0,1,5,8493000.0
Upperhill,Apartment,3,3,870,6,3.0,1,0,1,1,2,16931000.0
Thika Road,Apartment,2,1,910,8,14.5,1,0,0,0,1,6182000.0
Dagoretti,Townhouse,1,1,672,24,15.5,1,0,0,0,5,4320000.0
Nyayo Estate,Maisonette,2,1,901,21,8.8,1,1,0,0,4,8438000.0
Spring Valley,Apartment,2,2,652,28,15.6,1,0,0,1,2,9988000.0
Thika Road,Apartment,2,1,716,25,21.5,1,0,0,1,2,4003000.0
Athi River,Apartment,5,5,1585,25,27.5,1,0,0,1,2,7098000.0
Embakasi,Apartment,2,1,715,6,9.1,0,0,0,1,5,4388000.0
Runda,Bungalow,2,2,1185,13,17.1,1,1,0,1,3,29589000.0
Kasarani,Townhouse,3,2,1414,2,22.3,1,0,0,0,4,8745000.0
Kikuyu,Bungalow,1,1,783,24,19.6,1,1,0,1,3,4153000.0
Muthaiga,Apartment,2,2,924,18,0.5,1,0,0,0,5,20435000.0
Langata,Apartment,4,3,1259,28,17.8,1,0,0,1,2,13354000.0
Runda,Apartment,2,2,984,18,11.3,1,0,0,0,1,21829000.0
Muthaiga,Apartment,2,2,977,13,0.5,1,0,0,1,2,22551000.0
Upperhill,Apartment,3,3,1144,25,12.5,1,0,0,1,1,18701000.0
Kahawa,Maisonette,4,3,1250,1,26.0,1,1,0,1,5,6726000.0
Westlands,Apartment,3,3,644,3,1.1,1,0,0,1,3,12949000.0
Lavington,Maisonette,2,2,886,28,5.1,0,0,0,1,3,13884000.0
Thika Road,Apartment,4,3,1133,19,18.2,1,0,0,0,2,7340000.0
South C,Apartment,1,1,582,20,8.2,1,0,0,1,2,5302000.0
Roysambu,Apartment,3,2,1072,25,23.0,0,0,0,1,3,6544000.0
Muthaiga,Apartment,2,2,638,7,7.1,1,0,1,1,5,19142000.0
Loresho,Apartment,3,2,901,21,11.1,1,0,0,1,5,13265000.0
Kileleshwa,Maisonette,2,2,906,23,3.1,1,1,0,1,3,12920000.0
Umoja,Bungalow,5,4,2072,0,14.7,1,1,0,1,5,14750000.0
Dagoretti,Apartment,4,3,1007,15,11.2,1,0,0,1,2,7374000.0
Ruaka,Apartment,3,2,1247,6,17.3,1,0,0,1,4,9876000.0
Lavington,Apartment,4,4,1153,28,11.2,0,0,0,0,1,18864000.0
Kasarani,Apartment,2,1,804,29,20.4,1,0,0,0,5,4280000.0
Buruburu,Maisonette,3,2,1406,14,17.1,1,1,0,1,4,12182000.0
Kikuyu,Maisonette,6,5,2284,15,23.5,1,1,0,1,3,12896000.0
Spring Valley,Apartment,4,3,1363,13,7.2,1,0,0,0,5,28124000.0
Kahawa,Apartment,3,2,1033,5,21.7,1,0,0,1,4,5144000.0
Kasarani,Apartment,1,1,584,11,31.5,1,0,0,1,3,3095000.0
Kitisuru,Apartment,4,4,1504,21,3.9,1,0,0,1,1,34308000.0
Upperhill,Townhouse,4,3,1508,27,3.1,1,0,0,0,2,25700000.0
Spring Valley,Apartment,2,2,754,6,0.5,1,0,0,1,5,14653000.0
Thika Road,Apartment,4,4,1179,25,21.0,1,0,0,1,2,7283000.0
Spring Valley,Maisonette,1,1,619,23,2.1,1,1,0,1,3,12376000.0
Ruaka,Apartment,2,2,836,4,15.0,1,0,0,1,2,7144000.0
Athi River,Apartment,3,3,1030,6,30.0,0,0,0,1,2,4164000.0
Kileleshwa,Apartment,5,5,1442,18,10.0,1,0,0,0,4,21168000.0
Langata,Apartment,1,1,534,3,10.3,1,0,0,1,5,6758000.0
Kahawa,Apartment,2,2,909,27,19.3,1,0,0,1,2,4291000.0
Umoja,Villa,2,1,1105,0,24.1,1,1,0,0,3,7157000.0
Westlands,Villa,1,1,830,25,0.5,1,0,1,1,3,14187000.0
Westlands,Apartment,4,3,1337,3,7.3,1,0,0,1,3,25757000.0
Kitisuru,Townhouse,2,1,990,0,4.8,1,0,0,1,2,21762000.0
Roysambu,Maisonette,2,2,817,29,20.2,1,1,0,0,1,4381000.0
Umoja,Maisonette,2,1,843,25,24.9,1,0,0,1,4,4369000.0
Dagoretti,Townhouse,2,2,671,20,18.9,1,0,0,1,5,4926000.0
Buruburu,Bungalow,4,4,2053,22,11.1,1,1,0,0,5,14617000.0
Loresho,Apartment,1,1,570,25,4.3,1,0,0,1,5,8310000.0
South B,Maisonette,6,5,2718,28,16.1,1,0,0,0,1,23894000.0
Kileleshwa,Maisonette,2,2,1067,28,4.7,1,1,0,0,2,13180000.0
Kasarani,Villa,1,1,910,28,29.3,1,1,0,1,5,4442000.0
Upperhill,Villa,3,2,1652,23,12.6,1,1,0,1,1,25713000.0
Runda,Apartment,3,2,959,8,11.7,0,0,0,1,4,26948000.0
Embakasi,Apartment,5,5,1486,14,26.1,1,0,0,1,4,9597000.0
Ruiru,Maisonette,2,1,662,6,25.4,1,1,0,1,5,3521000.0
Nyayo Estate,Apartment,3,3,1000,4,13.2,0,0,0,1,1,7954000.0
Spring Valley,Apartment,4,4,1256,13,0.5,1,0,0,1,4,28235000.0
South C,Apartment,2,2,932,22,13.2,1,0,0,1,3,8819000.0
Karen,Villa,4,4,2173,25,10.3,0,0,1,1,4,53338000.0
Karen,Apartment,3,3,1011,8,0.5,1,0,1,1,5,29849000.0
Ngong Road,Townhouse,4,4,1078,6,18.5,1,0,0,1,2,13192000.0
Spring Valley,Maisonette,4,4,1430,3,16.2,1,1,0,1,3,25469000.0
Kitisuru,Apartment,2,2,1016,3,14.9,0,0,0,0,4,19456000.0
Kasarani,Apartment,3,3,1202,12,8.9,1,0,0,1,1,6587000.0
South B,Apartment,2,2,691,24,11.2,1,0,0,1,4,6125000.0
Dagoretti,Apartment,3,2,1294,0,15.3,0,0,0,0,4,10640000.0
Thika Road,Apartment,2,2,633,29,29.8,1,0,0,1,4,3477000.0
Buruburu,Bungalow,6,5,2196,20,16.9,1,0,0,1,3,15242000.0
Ruaka,Apartment,2,2,518,12,14.5,1,0,0,1,1,3953000.0
Kilimani,Apartment,3,3,943,27,11.5,1,0,0,1,1,14835000.0
Nyayo Estate,Apartment,3,3,943,28,19.1,1,0,0,1,4,7924000.0
Lavington,Apartment,3,3,980,21,9.7,1,0,0,1,4,17141000.0
Roysambu,Maisonette,4,3,1186,9,19.8,1,1,0,1,3,10151000.0
Kahawa,Apartment,4,4,1316,28,22.2,1,0,0,1,2,6108000.0
Ruaka,Apartment,2,1,918,3,12.2,1,0,0,1,5,8872000.0
Roysambu,Townhouse,2,2,1083,1,23.1,1,0,0,0,4,6942000.0
Rongai,Apartment,2,2,911,26,23.5,1,0,0,1,4,4763000.0
Lavington,Villa,2,1,1134,12,7.0,1,0,1,0,3,22033000.0
Thika Road,Maisonette,3,2,885,26,32.5,1,0,0,1,4,4947000.0
Karen,Apartment,3,3,1156,0,12.2,1,0,1,1,5,36024000.0
Donholm,Maisonette,4,4,1368,1,25.5,1,0,0,1,1,10745000.0
Kilimani,Bungalow,2,2,1512,21,10.8,0,1,1,0,1,22928000.0
Rongai,Apartment,2,2,761,1,23.8,1,0,0,0,5,4230000.0
Kahawa,Apartment,3,2,1237,23,13.5,1,0,0,1,5,6609000.0
Loresho,Apartment,3,3,895,22,16.0,1,0,0,1,3,11495000.0
Buruburu,Villa,6,5,2566,1,20.1,1,1,0,0,3,21061000.0
Roysambu,Maisonette,2,1,1096,1,12.8,0,1,0,1,5,7270000.0
Langata,Bungalow,4,4,1680,8,4.6,1,1,0,0,3,18507000.0
Kitisuru,Apartment,2,2,940,21,8.5,1,0,0,1,5,21886000.0
Thika Road,Villa,3,2,1545,16,9.8,1,1,0,0,3,10889000.0
Kahawa,Apartment,3,3,1298,5,23.9,1,0,0,1,4,6592000.0
Umoja,Apartment,5,5,1740,9,19.9,1,0,0,1,3,10299000.0
Kileleshwa,Maisonette,4,3,1550,18,13.6,1,1,0,1,4,23148000.0
Athi River,Apartment,3,2,1169,23,21.5,1,0,0,0,1,3957000.0
Kitisuru,Townhouse,3,2,1102,16,2.5,1,0,0,1,1,23688000.0
Kitisuru,Apartment,4,3,1160,12,10.3,1,0,0,1,2,22640000.0
South C,Apartment,3,3,1192,10,22.6,0,0,0,0,5,10342000.0
Donholm,Apartment,4,3,1580,7,22.1,1,0,0,0,1,9874000.0
Ruaka,Townhouse,2,1,866,27,25.0,1,0,0,0,2,5709000.0
South B,Apartment,3,3,1174,9,12.3,0,0,0,1,1,11179000.0
Dagoretti,Apartment,3,3,1233,25,17.8,1,0,0,1,1,9745000.0
Kahawa,Apartment,5,4,1968,29,22.3,1,0,0,1,4,10290000.0
Spring Valley,Maisonette,2,2,823,6,6.2,1,0,0,1,3,16891000.0
Ruiru,Apartment,2,1,582,27,26.5,1,0,0,1,1,2437000.0
South C,Apartment,3,2,1155,26,17.1,1,0,0,1,4,11212000.0
Kahawa,Maisonette,4,3,1382,10,25.8,1,1,0,1,4,6824000.0
Loresho,Townhouse,3,3,1173,1,11.3,0,0,0,1,5,19271000.0
Karen,Apartment,3,3,1400,21,10.7,1,0,0,0,3,31870000.0
Karen,Apartment,4,3,1097,26,9.4,1,0,0,0,4,21043000.0
Karen,Apartment,1,1,531,29,4.6,1,0,0,1,4,11885000.0
Muthaiga,Villa,2,1,1330,15,7.9,0,0,0,1,2,25335000.0
Kahawa,Apartment,1,1,635,15,17.5,1,0,0,0,2,2571000.0
Thika Road,Apartment,3,2,1417,26,24.0,1,0,0,1,2,8227000.0
Donholm,Apartment,3,2,1154,21,21.4,1,0,0,1,3,6387000.0
Embakasi,Apartment,4,3,1519,3,19.1,1,0,0,0,3,9592000.0
South B,Maisonette,3,3,1069,28,16.1,1,1,0,1,5,9897000.0
Upperhill,Bungalow,4,4,1959,13,8.0,1,1,0,0,4,37021000.0
Kikuyu,Apartment,3,3,766,24,31.2,1,0,0,1,1,3322000.0
Ruaka,Apartment,2,2,969,3,19.3,1,0,0,0,2,7788000.0
Athi River,Apartment,3,3,1071,27,31.5,1,0,0,0,5,4412000.0
Roysambu,Apartment,2,1,940,21,17.6,1,0,0,1,4,5075000.0
Donholm,Maisonette,2,2,835,3,17.4,1,1,0,1,5,6091000.0
Athi River,Apartment,4,3,1298,6,24.5,1,0,0,1,5,5701000.0
Kileleshwa,Apartment,4,4,1597,21,13.7,1,0,0,0,2,21055000.0
Westlands,Villa,2,2,1212,5,12.2,1,1,1,0,3,25647000.0
Kileleshwa,Apartment,6,6,1953,8,8.5,1,0,0,1,3,36153000.0
Dagoretti,Apartment,3,3,771,13,15.6,0,0,0,1,1,6200000.0
Athi River,Townhouse,5,4,2184,29,33.1,1,0,0,1,1,7169000.0
Buruburu,Maisonette,2,2,742,11,18.7,1,0,0,1,2,6389000.0
Kilimani,Bungalow,3,2,1410,29,14.9,1,0,1,0,3,20883000.0
South B,Bungalow,4,4,1598,27,11.9,0,0,0,1,5,14268000.0
Spring Valley,Apartment,2,2,736,25,6.7,1,0,0,0,1,11367000.0
Langata,Apartment,2,2,602,5,6.3,1,0,0,1,2,8460000.0
Dagoretti,Townhouse,4,4,1169,27,13.4,0,0,0,1,4,7104000.0
South B,Bungalow,3,3,1546,8,18.0,1,0,0,1,1,13168000.0
South C,Apartment,2,2,908,0,12.7,1,0,0,1,3,8275000.0
Roysambu,Apartment,3,3,946,24,23.0,1,0,0,1,1,5103000.0
Karen,Apartment,1,1,489,21,3.3,1,0,0,0,1,10712000.0
Nyayo Estate,Maisonette,6,6,1741,26,22.5,0,0,0,1,4,13397000.0
Ruiru,Apartment,3,3,912,2,26.7,1,0,0,0,4,4770000.0
Kikuyu,Apartment,5,4,1493,6,23.5,0,0,0,1,5,7857000.0
Rongai,Villa,3,3,1285,24,11.6,1,1,0,1,4,6748000.0
Kahawa,Apartment,4,3,1455,12,23.6,1,0,0,1,4,7891000.0
Spring Valley,Apartment,4,3,1654,20,13.2,1,0,0,0,3,31306000.0
South B,Apartment,3,3,902,15,11.4,0,0,0,1,5,9030000.0
Ruaka,Maisonette,3,3,1238,7,10.1,1,0,0,1,3,10756000.0
Kahawa,Bungalow,5,4,2099,0,40.0,1,1,0,1,1,10861000.0
Upperhill,Maisonette,1,1,754,24,8.4,1,1,0,1,3,13391000.0
Spring Valley,Villa,3,3,1585,18,0.5,1,0,0,1,5,34438000.0
Upperhill,Apartment,2,1,777,17,10.5,1,0,0,1,2,11253000.0
South B,Apartment,3,2,1138,2,11.4,1,0,0,1,2,10730000.0
Nyayo Estate,Apartment,3,2,1058,6,20.9,1,0,0,0,2,9379000.0
Spring Valley,Apartment,3,2,1005,15,0.5,0,0,1,1,1,18278000.0
Spring Valley,Apartment,1,1,684,19,7.6,1,0,0,1,3,10500000.0
Kasarani,Townhouse,3,2,965,1,25.6,1,0,0,0,5,5855000.0
Ruiru,Apartment,2,2,864,4,16.2,0,0,0,1,3,4769000.0
Langata,Apartment,3,3,1009,18,13.2,1,0,0,0,1,11001000.0
Ruiru,Maisonette,5,5,1477,2,24.6,1,1,0,1,5,8990000.0
Rongai,Maisonette,4,4,1556,21,21.3,0,1,0,1,3,7800000.0
Donholm,Apartment,6,6,1546,24,23.3,1,0,0,0,1,8601000.0
Nyayo Estate,Apartment,2,2,847,2,6.3,1,0,0,1,2,8755000.0
Kitisuru,Apartment,4,3,1278,16,1.3,1,0,0,1,1,26442000.0
Spring Valley,Villa,3,3,1704,27,2.5,0,0,1,1,5,31022000.0
Upperhill,Apartment,3,3,861,4,4.9,1,0,1,1,1,18478000.0
Nyayo Estate,Townhouse,3,3,1152,27,13.5,1,0,0,0,2,8934000.0
Thika Road,Apartment,4,3,1194,18,17.5,1,0,0,1,2,8326000.0
Kileleshwa,Apartment,3,2,912,1,14.9,1,0,0,1,1,15146000.0
Lavington,Maisonette,5,4,1190,19,0.5,1,1,0,1,2,26965000.0
South C,Townhouse,4,3,1584,26,13.2,0,0,0,1,3,12775000.0
Dagoretti,Apartment,2,2,872,20,13.9,1,0,0,1,2,6544000.0
Donholm,Apartment,3,3,1072,16,14.5,1,0,0,0,2,7998000.0
Westlands,Apartment,2,1,659,25,2.6,1,0,1,1,3,11227000.0
Buruburu,Maisonette,5,5,1610,4,20.5,1,1,0,1,1,11981000.0
Upperhill,Townhouse,1,1,637,25,8.5,1,0,0,1,1,9205000.0
Embakasi,Apartment,3,3,1071,21,13.5,1,0,0,1,2,7475000.0
Kikuyu,Apartment,3,2,882,26,33.7,1,0,0,0,1,3575000.0
Nyayo Estate,Maisonette,4,3,1666,4,19.9,0,1,0,1,5,17604000.0
Spring Valley,Apartment,4,3,1473,10,11.2,0,0,0,1,3,25074000.0
Loresho,Apartment,3,2,1059,10,4.1,1,0,0,1,4,16275000.0
Runda,Maisonette,5,5,1553,6,0.5,1,0,1,0,3,42814000.0
Loresho,Townhouse,3,3,1407,1,11.0,0,0,0,0,1,20627000.0
Embakasi,Apartment,3,3,1203,3,19.8,1,0,0,1,4,6639000.0
South B,Townhouse,3,2,1027,20,17.4,1,0,0,0,1,8868000.0
Langata,Apartment,2,1,866,7,10.7,1,0,0,1,2,11147000.0
Thika Road,Apartment,3,2,1076,11,27.3,1,0,0,1,3,6382000.0
South C,Maisonette,4,4,1385,11,12.6,0,1,0,1,1,14102000.0
Umoja,Apartment,2,2,850,3,18.3,1,0,0,1,5,5173000.0
Loresho,Apartment,3,3,811,2,8.3,1,0,0,1,4,13406000.0
Ruiru,Apartment,5,5,1909,6,22.3,0,0,0,0,1,8679000.0
Kasarani,Bungalow,3,2,1398,24,17.2,1,0,0,0,5,8370000.0
South C,Villa,4,4,1448,21,16.4,1,0,0,1,5,13773000.0
Kasarani,Apartment,6,5,1562,22,22.5,0,0,0,0,2,7762000.0
Karen,Apartment,6,6,2165,16,0.5,1,0,0,0,1,40930000.0
Roysambu,Townhouse,4,4,1459,2,19.7,0,0,0,0,4,9267000.0
Kikuyu,Apartment,2,1,1045,4,28.0,1,0,0,1,1,4579000.0
Ngong Road,Apartment,2,2,883,22,7.9,1,0,0,1,1,9634000.0
Nyayo Estate,Villa,3,2,1536,21,16.5,1,1,0,1,5,15325000.0
Westlands,Townhouse,4,3,1716,3,14.2,1,0,0,1,3,29524000.0
Muthaiga,Maisonette,4,3,1595,22,0.5,1,1,1,1,1,41772000.0
Donholm,Villa,4,4,1793,19,15.2,1,0,0,1,1,12926000.0
Nyayo Estate,Bungalow,2,1,1046,10,7.0,1,1,0,1,3,11326000.0
Karen,Apartment,5,5,1913,16,0.5,1,0,0,1,5,46845000.0
South C,Townhouse,4,3,1839,17,8.9,1,0,0,1,1,19338000.0
Westlands,Apartment,3,3,999,26,12.6,1,0,0,1,1,17201000.0
Ruaka,Apartment,2,1,834,1,14.8,0,0,0,1,2,6684000.0
Dagoretti,Bungalow,3,2,1472,3,18.2,1,1,0,1,1,11754000.0
Upperhill,Apartment,6,6,1852,19,6.2,1,0,1,1,5,35480000.0
South B,Apartment,2,1,755,15,11.8,1,0,0,1,2,6326000.0
Umoja,Townhouse,2,2,1054,29,18.5,1,0,0,1,4,5629000.0
Ruaka,Maisonette,2,1,878,9,15.7,1,1,0,1,5,8832000.0
Dagoretti,Villa,3,3,1009,1,3.0,1,0,0,1,3,10888000.0
Donholm,Apartment,3,3,1255,16,14.8,1,0,0,1,5,8178000.0
Kahawa,Bungalow,1,1,854,11,28.3,1,1,0,1,5,4043000.0
Ruaka,Maisonette,5,5,1888,25,16.9,1,1,0,1,4,16764000.0
Kasarani,Townhouse,4,4,1431,17,13.1,1,0,0,0,3,8481000.0
Westlands,Apartment,2,2,829,1,0.5,1,0,0,0,1,14983000.0
Nyayo Estate,Apartment,1,1,451,16,21.9,1,0,0,1,4,3474000.0
South B,Apartment,4,3,1582,26,14.1,1,0,0,1,5,15918000.0
Rongai,Maisonette,3,2,1359,6,23.0,1,0,0,1,5,8999000.0
Langata,Apartment,3,3,1152,0,10.2,1,0,0,1,1,13349000.0
Upperhill,Apartment,1,1,458,17,11.0,1,0,0,1,2,6770000.0
Rongai,Apartment,3,3,1080,27,20.8,1,0,0,1,2,5740000.0
Spring Valley,Maisonette,5,5,1854,27,2.2,1,0,0,1,3,37545000.0
Embakasi,Maisonette,1,1,811,20,30.0,1,0,0,0,4,3980000.0
Upperhill,Apartment,5,5,1371,18,2.3,0,0,0,0,4,21221000.0
Embakasi,Townhouse,2,2,752,24,21.0,0,0,0,0,4,3617000.0
Donholm,Apartment,3,3,1064,5,18.7,1,0,0,0,3,7304000.0
Athi River,Apartment,2,1,869,1,20.3,1,0,0,1,2,3867000.0
Muthaiga,Townhouse,1,1,549,8,0.5,0,0,1,0,5,15216000.0
Upperhill,Maisonette,4,4,1414,24,0.8,1,1,0,0,2,20858000.0
Muthaiga,Villa,2,1,880,10,6.5,1,1,0,1,5,24315000.0
Rongai,Townhouse,4,3,1233,29,16.3,1,0,0,1,5,6842000.0
Spring Valley,Apartment,1,1,630,12,5.6,1,0,1,1,2,12833000.0
Donholm,Maisonette,3,3,1387,0,9.3,1,1,0,0,3,11187000.0
Langata,Apartment,1,1,648,29,18.3,1,0,0,1,1,6094000.0
Dagoretti,Apartment,3,3,1125,22,18.4,1,0,0,0,5,7391000.0
Karen,Bungalow,5,5,2304,19,1.2,1,1,0,1,1,56682000.0
Kasarani,Villa,4,3,1601,8,19.8,0,1,0,0,1,8938000.0
Karen,Maisonette,2,1,1092,11,8.9,1,1,0,1,3,28526000.0
Muthaiga,Maisonette,2,1,827,7,4.7,1,1,1,1,2,22156000.0
Muthaiga,Apartment,3,2,942,6,9.2,0,0,0,1,5,22127000.0
Dagoretti,Bungalow,4,4,1730,16,18.3,1,0,0,1,5,13272000.0
Loresho,Apartment,3,2,790,25,5.3,1,0,0,1,3,10572000.0
Donholm,Maisonette,4,3,1728,12,15.0,0,0,0,1,4,13038000.0
Roysambu,Apartment,3,3,1075,2,15.5,1,0,0,1,1,7554000.0
Kilimani,Maisonette,2,1,800,17,7.9,1,1,0,1,5,13368000.0
Westlands,Apartment,1,1,498,25,7.9,1,0,1,1,4,8232000.0
Thika Road,Apartment,2,1,1014,1,21.3,1,0,0,1,2,6591000.0
Kileleshwa,Apartment,3,3,1001,15,9.2,0,0,0,1,2,14416000.0
Kitisuru,Apartment,3,2,788,26,1.8,1,0,1,1,1,17783000.0
Donholm,Apartment,4,3,1451,16,17.0,1,0,0,1,4,11854000.0
South B,Maisonette,3,2,1169,4,9.8,1,1,0,1,3,11557000.0
Embakasi,Townhouse,4,4,1284,2,19.9,1,0,0,0,1,8206000.0
Buruburu,Bungalow,4,3,2105,23,19.8,1,1,0,1,3,14688000.0
Spring Valley,Maisonette,2,1,919,27,10.9,1,1,0,1,5,17557000.0
Buruburu,Apartment,2,2,992,7,15.5,1,0,0,0,4,7269000.0
Umoja,Townhouse,2,2,790,9,20.7,1,0,0,0,2,3747000.0
Ngong Road,Townhouse,2,2,803,8,8.0,1,0,0,0,3,9310000.0
Donholm,Maisonette,2,2,866,28,12.0,1,0,0,1,3,5701000.0
Kasarani,Townhouse,6,6,2073,25,21.8,1,0,0,0,5,11285000.0
Athi River,Apartment,3,3,1230,8,31.2,1,0,0,0,3,5449000.0
Kahawa,Bungalow,2,1,1102,29,30.9,0,1,0,1,2,4217000.0
Buruburu,Villa,6,6,2355,23,18.4,1,1,0,0,5,19311000.0
Rongai,Maisonette,2,2,1000,9,22.3,1,0,0,1,1,6232000.0
South B,Bungalow,2,2,1024,1,16.2,1,0,0,1,3,9861000.0
Kilimani,Bungalow,2,2,1256,29,5.2,1,0,1,1,1,21818000.0
Buruburu,Bungalow,2,2,1463,26,10.4,1,1,0,1,5,10535000.0
Ruiru,Villa,1,1,593,28,34.3,1,1,0,0,2,2269000.0
Rongai,Apartment,2,2,680,21,22.1,1,0,0,1,5,3964000.0
Upperhill,Apartment,5,5,1414,19,10.7,0,0,1,1,4,25057000.0
Kitisuru,Bungalow,5,5,2051,4,14.5,1,0,0,1,5,49424000.0
Runda,Apartment,4,3,1429,12,8.0,0,0,0,1,1,34580000.0
Upperhill,Townhouse,2,1,866,9,6.1,0,0,0,1,1,14537000.0
Embakasi,Apartment,3,2,984,3,23.7,1,0,0,0,2,5543000.0
Kasarani,Apartment,3,3,966,17,29.3,1,0,0,0,3,5589000.0
Ruiru,Apartment,3,3,1283,18,25.2,1,0,0,1,2,4672000.0
Nyayo Estate,Apartment,2,2,739,6,12.5,1,0,0,0,3,6304000.0
Kilimani,Apartment,3,3,863,21,0.5,1,0,0,1,1,14768000.0
Nyayo Estate,Apartment,2,2,957,24,14.3,1,0,0,0,5,8564000.0
Lavington,Maisonette,4,4,1012,22,12.4,1,0,0,1,1,17465000.0
Runda,Apartment,2,1,971,25,7.8,1,0,0,1,4,20461000.0
South C,Townhouse,4,4,1367,5,14.2,1,0,0,1,5,14823000.0
Kitisuru,Apartment,3,3,1564,0,4.9,1,0,0,0,5,37256000.0
Ruaka,Maisonette,2,1,927,10,16.2,1,0,0,1,2,7697000.0
Langata,Villa,2,1,1356,12,9.9,1,0,0,1,3,16769000.0
Nyayo Estate,Bungalow,3,3,1626,0,18.8,0,1,0,1,2,15623000.0
Roysambu,Townhouse,2,1,935,15,17.4,1,0,0,1,1,5511000.0
Runda,Villa,2,2,1362,11,7.6,1,1,0,0,5,35983000.0
Kileleshwa,Maisonette,2,2,784,24,9.6,1,1,0,1,4,12634000.0
Langata,Maisonette,1,1,726,4,17.2,0,1,0,0,2,6775000.0
Ruaka,Apartment,6,6,1666,18,16.7,0,0,0,1,4,15505000.0
Donholm,Maisonette,3,2,942,10,26.4,1,0,0,0,2,5799000.0
Kahawa,Villa,2,1,1096,20,28.7,0,1,0,1,4,4819000.0
Umoja,Apartment,2,1,711,1,20.5,1,0,0,0,4,3608000.0
Lavington,Bungalow,2,1,976,14,9.9,1,0,0,1,3,18864000.0
Nyayo Estate,Apartment,2,2,996,4,15.8,1,0,0,0,2,9990000.0
Spring Valley,Apartment,2,1,808,14,8.7,1,0,0,1,3,13968000.0
Umoja,Apartment,2,2,839,8,20.5,1,0,0,0,2,4429000.0
Buruburu,Apartment,4,4,1357,1,8.9,1,0,0,0,4,12572000.0
Kikuyu,Bungalow,2,1,1079,22,24.6,1,1,0,0,2,5123000.0
Kitisuru,Apartment,4,4,1411,11,13.7,1,0,0,1,1,27960000.0
Upperhill,Townhouse,4,4,1233,21,6.3,1,0,0,1,4,21474000.0
Umoja,Maisonette,4,4,1104,1,13.9,0,0,0,1,3,7302000.0
Donholm,Apartment,4,3,1561,20,18.1,1,0,0,1,2,10255000.0
Buruburu,Maisonette,3,2,1384,23,11.7,1,0,0,1,2,9666000.0
Loresho,Apartment,2,1,826,5,9.2,0,0,0,1,4,13025000.0
Ruiru,Townhouse,4,3,1608,24,28.0,1,0,0,0,5,6979000.0
Upperhill,Maisonette,2,2,991,22,4.4,1,1,0,0,3,20241000.0
Thika Road,Apartment,2,2,699,15,16.4,1,0,0,1,1,4164000.0
Upperhill,Villa,2,2,1210,8,12.2,0,1,0,0,2,21634000.0
South B,Apartment,2,1,803,9,20.3,1,0,0,0,2,7089000.0
Kilimani,Apartment,2,1,936,24,11.0,1,0,0,0,2,13071000.0
Runda,Bungalow,4,4,1743,27,8.4,1,1,0,0,4,38007000.0
Kilimani,Apartment,2,1,698,21,10.0,1,0,1,1,4,11130000.0
Thika Road,Townhouse,4,4,1811,14,19.5,1,0,0,0,2,11067000.0
Runda,Townhouse,5,5,1533,20,2.7,1,0,0,1,5,44787000.0
Kileleshwa,Maisonette,5,5,1959,18,15.0,1,0,0,0,2,27389000.0
Kitisuru,Apartment,3,2,892,14,6.7,0,0,0,1,2,17825000.0
Thika Road,Apartment,2,2,792,14,21.0,1,0,0,0,2,4438000.0
Ngong Road,Maisonette,2,1,854,27,17.0,1,0,0,0,1,8211000.0
Westlands,Maisonette,4,4,1260,27,5.5,1,0,0,1,2,21513000.0
Buruburu,Apartment,3,2,806,24,19.8,1,0,0,1,5,5618000.0
Dagoretti,Villa,2,1,1028,23,14.2,1,1,0,1,2,7870000.0
Langata,Apartment,2,1,955,24,1.9,1,0,0,1,4,10791000.0
Dagoretti,Bungalow,3,2,1186,14,23.3,1,1,0,1,5,9920000.0
Runda,Apartment,1,1,685,16,2.1,1,0,0,0,2,17815000.0
Langata,Bungalow,2,1,966,26,4.5,1,0,0,0,3,7823000.0
Langata,Villa,2,2,1049,0,6.5,1,1,0,1,3,13470000.0
Spring Valley,Villa,4,3,1738,0,6.6,1,0,0,0,2,30738000.0
Rongai,Townhouse,5,4,1581,13,22.4,1,0,0,0,4,9559000.0
Kileleshwa,Bungalow,2,2,1116,21,9.8,1,1,0,1,2,15605000.0
Nyayo Estate,Apartment,2,1,775,28,19.2,1,0,0,1,1,6197000.0
Kitisuru,Apartment,3,2,1097,17,6.6,1,0,0,1,1,21965000.0
Langata,Townhouse,3,3,921,16,20.0,1,0,0,0,5,8676000.0
Westlands,Apartment,3,3,956,0,15.7,1,0,1,1,5,19226000.0
Upperhill,Apartment,2,2,692,16,11.2,1,0,1,1,1,14119000.0
South B,Apartment,3,3,1201,15,3.3,1,0,0,1,5,11403000.0
Athi River,Townhouse,4,4,1817,2,18.7,0,0,0,0,1,7842000.0
Umoja,Apartment,6,6,1989,25,16.4,1,0,0,1,4,12207000.0
Buruburu,Maisonette,3,3,1176,15,10.3,1,1,0,0,1,10014000.0
Ruiru,Maisonette,5,5,1586,24,27.8,1,1,0,1,4,8048000.0
Buruburu,Bungalow,2,2,1223,5,19.4,1,0,0,1,2,10673000.0
Karen,Apartment,2,1,744,7,5.4,1,0,0,1,5,21679000.0
Kilimani,Townhouse,2,2,1001,24,16.4,0,0,1,0,5,14137000.0
Lavington,Villa,6,5,2703,15,3.0,1,1,0,1,5,69015000.0
Dagoretti,Apartment,6,6,1645,4,24.6,1,0,0,1,2,13829000.0
Kilimani,Bungalow,3,3,1539,3,6.2,1,1,1,1,3,31202000.0
Kahawa,Villa,6,6,2086,14,25.5,1,0,0,1,1,10576000.0
Ruaka,Apartment,1,1,616,26,13.1,1,0,0,0,5,4976000.0
Kikuyu,Apartment,3,3,1017,0,22.4,1,0,0,1,4,5946000.0
Roysambu,Apartment,3,3,1175,0,23.1,1,0,0,0,3,8779000.0
Donholm,Apartment,2,2,913,28,18.7,0,0,0,1,1,5619000.0
Umoja,Apartment,6,6,2330,10,30.4,1,0,0,0,3,12625000.0
Kilimani,Bungalow,3,3,1586,8,12.1,1,1,0,0,3,26658000.0
Buruburu,Apartment,3,2,952,19,24.8,0,0,0,1,2,6334000.0
South C,Apartment,3,2,1133,27,17.3,0,0,0,1,2,9941000.0
Kilimani,Bungalow,1,1,752,28,18.3,1,1,0,1,3,11087000.0
Nyayo Estate,Bungalow,3,3,1584,11,4.4,0,0,0,1,5,16813000.0
Ruaka,Apartment,2,2,846,25,6.2,1,0,0,1,3,7131000.0
South C,Apartment,3,3,1183,19,16.5,1,0,0,1,1,10815000.0
Langata,Maisonette,4,4,1537,17,3.1,1,1,0,1,5,19721000.0
Athi River,Villa,4,4,1826,12,34.5,1,1,0,1,1,7665000.0
Dagoretti,Apartment,6,6,1526,12,15.7,1,0,0,1,5,13029000.0
Lavington,Apartment,3,2,1175,15,5.7,0,0,0,0,5,18733000.0
Athi River,Apartment,3,3,957,1,26.4,1,0,0,0,5,4499000.0
Kileleshwa,Villa,2,1,1184,17,3.7,1,1,0,1,4,19893000.0
Loresho,Apartment,2,2,716,22,6.2,1,0,0,1,1,10309000.0
Rongai,Bungalow,2,2,1270,13,25.4,1,0,0,1,2,6158000.0
Kilimani,Townhouse,2,1,871,1,9.7,0,0,0,0,3,14012000.0
Ngong Road,Apartment,3,2,984,20,8.5,0,0,0,1,1,10315000.0
Lavington,Apartment,3,2,1054,27,4.3,1,0,0,0,5,18903000.0
Rongai,Townhouse,3,3,1461,21,9.8,1,0,0,1,3,7544000.0
South B,Apartment,3,3,977,0,14.1,1,0,0,1,2,11268000.0
Buruburu,Apartment,3,2,1046,14,17.2,1,0,0,0,4,6970000.0
Donholm,Apartment,3,2,955,26,24.7,1,0,0,1,3,5944000.0
Loresho,Apartment,2,2,982,5,4.6,1,0,0,1,2,13270000.0
Upperhill,Apartment,2,2,965,18,0.5,0,0,0,1,4,16513000.0
Muthaiga,Bungalow,2,2,1049,10,3.9,0,1,0,1,5,26207000.0
Nyayo Estate,Maisonette,5,5,1772,16,15.2,1,1,0,1,4,16332000.0
Spring Valley,Maisonette,3,2,1477,8,5.4,1,1,1,0,3,33885000.0
Upperhill,Apartment,2,1,864,8,14.2,1,0,0,0,3,12523000.0
Ngong Road,Maisonette,1,1,594,27,0.6,1,1,0,1,3,7112000.0
Kileleshwa,Maisonette,6,5,1633,14,0.5,1,1,0,1,1,32019000.0
Rongai,Villa,4,3,1664,21,24.9,0,1,0,1,2,8360000.0
Kitisuru,Apartment,2,2,589,23,4.7,1,0,0,0,4,11813000.0
Kilimani,Apartment,5,4,1392,5,5.6,1,0,0,1,1,24617000.0
Roysambu,Maisonette,4,3,1495,17,29.9,0,0,0,1,4,9062000.0
Embakasi,Apartment,6,6,1565,0,17.0,1,0,0,1,1,11580000.0
Kasarani,Townhouse,1,1,566,28,23.2,1,0,0,1,5,2925000.0
Kahawa,Maisonette,3,3,1262,17,15.3,1,1,0,1,4,7562000.0
Nyayo Estate,Townhouse,5,5,1355,2,20.9,0,0,0,1,3,11399000.0
Kitisuru,Bungalow,3,2,1700,10,3.4,1,1,0,1,5,38341000.0
Dagoretti,Maisonette,3,2,1082,9,9.1,1,0,0,1,3,8852000.0
Lavington,Apartment,4,3,1193,16,5.7,1,0,0,1,5,23704000.0
South C,Maisonette,1,1,677,3,17.3,0,1,0,0,3,7163000.0
Loresho,Apartment,3,3,853,18,15.8,1,0,0,0,1,12201000.0
Upperhill,Apartment,5,5,1196,14,6.0,1,0,0,1,4,18377000.0
Kilimani,Apartment,3,2,1031,20,1.4,1,0,0,1,3,19124000.0
Buruburu,Townhouse,4,3,1629,24,11.7,1,0,0,1,3,11375000.0
Ruaka,Apartment,4,4,1281,22,18.1,0,0,0,1,2,11397000.0
Rongai,Villa,3,3,1430,1,30.5,1,1,0,1,1,8726000.0
South C,Apartment,2,2,855,4,18.7,1,0,0,1,1,9019000.0
Ruiru,Apartment,4,4,1176,21,23.0,0,0,0,1,4,4541000.0
Spring Valley,Maisonette,2,1,957,21,8.7,1,1,0,1,5,19551000.0
Loresho,Bungalow,4,4,1554,1,6.0,1,0,0,0,3,24988000.0
Buruburu,Apartment,4,4,1146,18,2.4,1,0,0,1,5,10568000.0
Muthaiga,Bungalow,3,3,1633,6,11.1,1,0,0,1,4,42645000.0
Upperhill,Townhouse,3,2,1338,14,0.5,1,0,0,1,4,25043000.0
Dagoretti,Maisonette,3,2,983,17,21.5,1,1,0,0,5,7737000.0
Thika Road,Maisonette,4,4,1499,1,21.1,1,0,0,1,2,11583000.0
Embakasi,Maisonette,2,2,744,18,14.0,1,1,0,1,5,4544000.0
Rongai,Apartment,3,2,823,5,23.0,1,0,0,0,5,4590000.0
Kasarani,Townhouse,2,2,842,9,24.5,1,0,0,0,3,4505000.0
Kilimani,Villa,5,5,2250,14,7.0,1,0,1,0,3,42064000.0
Kilimani,Townhouse,3,3,1163,28,10.0,1,0,0,0,3,16845000.0
South C,Apartment,3,2,1000,21,10.7,1,0,0,1,1,9185000.0
Thika Road,Apartment,4,3,1126,1,16.4,1,0,0,1,1,8553000.0
Karen,Maisonette,3,3,1224,2,8.9,1,1,0,1,4,31317000.0
Umoja,Apartment,4,4,1355,17,16.0,1,0,0,0,4,7862000.0
Westlands,Bungalow,3,3,1313,6,6.2,0,1,0,0,4,24636000.0
Westlands,Townhouse,3,3,1241,9,5.6,1,0,0,0,4,21753000.0
Rongai,Apartment,5,4,1571,15,29.9,0,0,0,1,5,10299000.0
Muthaiga,Bungalow,1,1,797,7,0.5,1,1,0,1,5,21338000.0
Thika Road,Apartment,5,4,1827,19,14.4,1,0,0,0,4,11698000.0
South B,Maisonette,3,3,1138,7,19.1,0,1,0,1,2,10769000.0
Ruaka,Maisonette,4,3,1151,7,17.1,1,0,0,1,1,9388000.0
Westlands,Maisonette,2,2,824,19,4.6,1,1,1,1,5,17513000.0
Lavington,Apartment,2,2,976,24,2.3,1,0,1,0,1,20399000.0
Langata,Villa,4,4,1737,19,7.2,1,1,0,0,5,17613000.0
Athi River,Maisonette,2,2,1035,22,34.6,0,0,0,1,2,4120000.0
Spring Valley,Townhouse,2,1,854,10,10.6,1,0,0,1,2,14343000.0
Ruaka,Maisonette,3,3,1111,19,27.3,0,1,0,1,3,8146000.0
Thika Road,Apartment,1,1,475,0,15.1,1,0,0,1,5,3849000.0
Nyayo Estate,Townhouse,2,2,960,26,16.2,1,0,0,0,3,7790000.0
Kikuyu,Bungalow,4,4,1579,17,14.9,1,1,0,1,2,9385000.0
Embakasi,Apartment,2,1,957,7,26.7,1,0,0,1,3,5268000.0
Spring Valley,Apartment,3,2,978,9,10.1,1,0,0,1,2,18798000.0
South C,Villa,3,3,1130,4,18.0,0,1,0,0,5,11252000.0
South C,Bungalow,2,2,1011,4,7.6,1,1,0,1,3,12321000.0
Kitisuru,Apartment,2,2,761,9,0.5,1,0,0,1,4,17874000.0
Upperhill,Townhouse,2,1,932,19,9.0,1,0,0,1,4,14516000.0
Karen,Townhouse,1,1,456,14,6.9,0,0,0,0,1,9382000.0
Lavington,Townhouse,2,1,956,9,9.4,1,0,0,0,4,21117000.0
South C,Bungalow,2,2,1044,5,3.5,1,1,0,0,5,11908000.0
Runda,Apartment,5,4,1600,10,8.2,1,0,0,1,4,44034000.0
South C,Apartment,2,2,671,7,7.5,1,0,0,1,2,7695000.0
Kilimani,Apartment,2,2,778,15,1.5,1,0,0,1,2,13952000.0
Kitisuru,Bungalow,2,2,1143,27,1.9,1,1,0,0,3,25189000.0
Ruaka,Apartment,3,3,1028,26,18.6,0,0,0,1,4,7381000.0
Embakasi,Apartment,4,3,1090,20,12.6,1,0,0,1,4,6764000.0
Buruburu,Apartment,2,2,625,5,10.6,1,0,0,1,1,4866000.0
South C,Bungalow,2,1,1095,23,3.5,1,0,0,1,3,8575000.0
Donholm,Maisonette,2,2,784,15,18.4,1,0,0,0,1,4989000.0
Kitisuru,Apartment,1,1,584,9,11.7,1,0,0,1,4,11312000.0
Kilimani,Apartment,2,2,785,9,8.7,1,0,0,0,3,12923000.0
Upperhill,Apartment,2,2,781,20,0.5,0,0,0,1,2,12228000.0
Spring Valley,Townhouse,6,5,2555,17,4.8,1,0,1,1,5,67871000.0
Kileleshwa,Maisonette,6,6,2039,12,12.6,1,1,0,0,2,34248000.0
Muthaiga,Maisonette,5,5,2096,23,7.3,1,0,1,1,1,55900000.0
Westlands,Maisonette,2,1,1016,26,8.8,1,0,0,1,3,17892000.0
Muthaiga,Apartment,4,3,1670,21,7.7,1,0,0,1,1,38900000.0
Kilimani,Apartment,2,2,726,10,1.7,1,0,1,1,5,14712000.0
Ruiru,Apartment,2,1,548,12,26.4,1,0,0,1,1,2190000.0
Langata,Apartment,4,4,1538,0,18.4,1,0,0,1,2,20456000.0
Lavington,Apartment,3,2,1274,19,0.5,1,0,0,1,1,25235000.0
Kilimani,Apartment,4,3,1324,8,15.6,1,0,0,0,1,20221000.0
Kitisuru,Apartment,1,1,479,7,7.6,1,0,0,0,1,9436000.0
Embakasi,Apartment,2,2,832,18,20.0,1,0,0,1,1,4308000.0
Ruiru,Townhouse,4,3,1430,8,30.1,1,0,0,0,3,6544000.0
Karen,Apartment,2,1,908,8,8.8,1,0,0,1,5,19455000.0
Rongai,Apartment,4,3,1306,19,20.6,1,0,0,1,2,6508000.0
Thika Road,Apartment,5,4,1387,9,25.7,0,0,0,1,4,10965000.0
Roysambu,Maisonette,3,3,1216,16,18.7,1,0,0,1,1,6744000.0
Umoja,Townhouse,1,1,735,24,30.3,1,0,0,1,5,3763000.0
Runda,Maisonette,4,4,1497,29,0.5,1,1,0,1,4,41273000.0
Runda,Apartment,5,5,1474,12,8.9,1,0,1,1,2,38831000.0
Westlands,Apartment,3,3,1035,29,11.3,1,0,1,1,1,16609000.0
South C,Apartment,6,6,1734,20,15.7,0,0,0,1,5,20688000.0
Kileleshwa,Bungalow,1,1,702,23,5.9,0,1,0,1,4,9544000.0
Buruburu,Villa,4,3,1933,5,21.3,1,0,0,1,2,16613000.0
Umoja,Apartment,2,2,925,24,20.1,1,0,0,0,5,4683000.0
Kikuyu,Apartment,3,3,1051,21,24.6,1,0,0,1,4,4850000.0
Thika Road,Bungalow,3,2,1023,7,21.5,1,1,0,0,1,6124000.0
Umoja,Apartment,2,2,890,25,27.3,1,0,0,0,5,4618000.0
Athi River,Apartment,3,3,1279,19,22.3,1,0,0,0,4,5604000.0
Kahawa,Apartment,5,5,1383,13,22.0,1,0,0,1,5,7219000.0
Karen,Bungalow,5,4,2260,1,5.8,0,1,1,1,4,68393000.0
Nyayo Estate,Apartment,2,2,794,13,6.5,0,0,0,1,2,7348000.0
Roysambu,Apartment,1,1,574,19,23.7,1,0,0,0,4,3592000.0
Lavington,Apartment,1,1,674,8,15.2,0,0,0,1,4,14892000.0
Lavington,Maisonette,2,2,1166,2,9.5,1,0,0,0,2,23862000.0
Umoja,Apartment,2,1,813,2,20.7,1,0,0,1,1,4405000.0
Buruburu,Townhouse,2,1,643,3,14.4,0,0,0,1,3,5087000.0
Upperhill,Apartment,6,6,1426,11,13.4,1,0,0,1,5,26572000.0
Runda,Apartment,4,4,1190,25,4.3,0,0,0,0,4,23480000.0
Karen,Apartment,3,2,881,1,2.7,1,0,0,1,3,24130000.0
Umoja,Apartment,2,1,839,15,24.3,1,0,0,1,2,4051000.0
Loresho,Apartment,3,3,1177,25,8.7,1,0,0,1,5,17411000.0
Westlands,Apartment,2,1,782,27,19.1,0,0,0,1,1,10851000.0
Kahawa,Villa,2,2,1229,5,21.2,1,1,0,0,4,7226000.0
South C,Apartment,3,2,977,9,12.6,1,0,0,1,3,9677000.0
Kasarani,Townhouse,2,1,956,11,19.4,1,0,0,1,4,5360000.0
Rongai,Apartment,2,2,1022,25,13.2,0,0,0,1,3,5243000.0
Kitisuru,Apartment,3,3,1160,28,2.9,1,0,1,0,1,22281000.0
Dagoretti,Apartment,1,1,531,7,12.2,1,0,0,1,1,4241000.0
Kasarani,Villa,4,4,1585,4,25.9,1,1,0,1,2,9662000.0
Loresho,Apartment,2,2,1063,5,2.7,1,0,0,1,1,17297000.0
Umoja,Bungalow,2,2,1019,15,30.6,0,1,0,0,5,5500000.0
Donholm,Bungalow,1,1,1045,2,19.0,1,0,0,0,1,7218000.0
Kahawa,Apartment,1,1,603,9,29.5,0,0,0,1,3,2503000.0
Buruburu,Apartment,2,1,812,3,7.6,1,0,0,0,2,6887000.0
Ngong Road,Maisonette,3,3,1227,4,13.4,1,0,0,0,4,13195000.0
Upperhill,Apartment,5,4,1503,23,9.8,1,0,0,0,3,21170000.0
Buruburu,Bungalow,1,1,691,12,18.6,1,0,0,0,5,4301000.0
Loresho,Apartment,6,5,1763,22,3.2,0,0,0,1,3,25476000.0
Loresho,Maisonette,2,2,883,24,12.0,1,0,0,1,5,12130000.0
South C,Apartment,2,1,1129,27,3.5,1,0,0,0,3,9496000.0
Muthaiga,Bungalow,4,3,1599,5,7.9,1,1,0,1,2,43432000.0
South C,Apartment,4,4,1500,9,18.0,1,0,0,1,3,15978000.0
Donholm,Apartment,2,2,977,8,24.2,0,0,0,0,4,6728000.0
Buruburu,Villa,2,1,1200,9,17.8,0,0,0,1,3,9227000.0
Spring Valley,Apartment,2,2,843,22,12.7,1,0,0,0,2,13259000.0
Ngong Road,Apartment,4,4,1443,6,23.2,0,0,0,0,3,15872000.0
South B,Maisonette,2,2,995,28,16.2,1,1,0,1,1,9222000.0
Lavington,Villa,2,1,1423,6,18.7,1,0,0,1,1,24259000.0
South C,Apartment,3,3,1185,0,20.9,0,0,0,1,3,12345000.0
Kitisuru,Apartment,3,3,1216,3,6.9,0,0,0,1,2,29046000.0
Kitisuru,Apartment,4,3,1137,12,1.1,1,0,0,0,2,23606000.0
Kitisuru,Apartment,3,2,843,20,0.5,0,0,0,1,5,21890000.0
Athi River,Apartment,3,3,1222,20,19.7,1,0,0,0,4,5161000.0
Buruburu,Townhouse,3,3,1222,28,16.9,0,0,0,1,2,8423000.0
Karen,Apartment,1,1,626,3,4.2,1,0,0,1,2,14465000.0
Kahawa,Apartment,3,3,1107,29,15.7,1,0,0,1,2,4913000.0
Buruburu,Maisonette,4,4,1250,22,16.2,1,0,0,0,5,9529000.0
Runda,Bungalow,2,2,928,13,14.1,1,0,0,1,3,21112000.0
South C,Townhouse,4,3,1129,24,11.0,0,0,0,1,3,10863000.0
Umoja,Apartment,3,3,1118,20,17.5,1,0,0,1,2,5641000.0
Dagoretti,Apartment,2,1,926,2,13.9,0,0,0,1,1,7362000.0
Kilimani,Townhouse,2,1,802,27,14.8,1,0,0,1,5,13765000.0
South B,Townhouse,5,4,1340,29,23.3,0,0,0,0,4,10940000.0
Loresho,Apartment,1,1,463,18,12.7,1,0,0,0,3,6257000.0
Ruaka,Bungalow,3,3,1518,23,20.9,1,1,0,1,5,13716000.0
South C,Apartment,1,1,551,24,14.8,0,0,0,1,4,4594000.0
Athi River,Maisonette,2,1,1119,13,18.7,1,0,0,1,1,4902000.0
Langata,Villa,2,2,1213,16,9.1,1,1,0,0,5,13313000.0
Kasarani,Apartment,2,1,691,21,18.0,0,0,0,1,4,3059000.0
Nyayo Estate,Apartment,2,2,874,7,19.4,1,0,0,0,2,7522000.0
Dagoretti,Apartment,2,2,1035,20,16.4,0,0,0,0,3,7630000.0
